participant,L1,meanAccent,self_accent_perception,others_accent_perception,ReadEntropy,SpeakEntropy,HomeEntropy,WorkEntropy,SocialEntropy,age,yearsBilingual,aoa,gender,L1_current_exposure,L2_current_exposure,L3_current_exposure,L1_choose_read,L2_choose_read,L3_choose_read,L1_choose_speak,L2_choose_speak,L3_choose_speak,L1_home_use,L2_home_use,L3_home_use,L1_work_use,L2_work_use,L3_work_use,L1_social_use,L2_social_use,L3_social_use,L2_speaking_ability,L2_reading_ability,L2_writing_ability,L2_translating_ability,L2_listening_comprehension_ability,L2_pronunciation_ability,L2_fluency_ability,L2_vocabulary_ability,L2_grammatrical_ability,L2_overall_competence_ability,L1_speaking_ability,L1_reading_ability,L1_writing_ability,L1_translating_ability,L1_listening_comprehension_ability,L1_pronunciation_ability,L1_fluency_ability,L1_vocabulary_ability,L1_grammatrical_ability,L1_overall_competence_ability,meanL2ability,L2_exposure,occupation
212,French,4.5,4,5,1.23449779679464,1.15677964944704,1.22439444540599,1,1.46048468131311,29,24,5,Female,40,50,10,50,45,5,70,20,10,7,2,3,5,5,1,7,6,3,7,10,9,7,9,7,9,9,10,9,10,10,10,9,10,10,10,10,10,10,8.6,50,work
213,French,4,4,4,1.15677964944704,1,1.32501121082418,1.52192809488736,1.39214722366453,30,19,11,Female,50,40,10,70,20,10,50,50,0,7,6,2,5,5,3,5,5,2,9,9,9,9,9,6,9,NA,9,9,10,10,10,10,10,10,10,10,10,10,8.666666666666666,40,work
214,French,2,2,2,0.970950594454669,0.970950594454669,0.591672778582327,1,0.970950594454669,20,14,6,Male,60,35,5,60,40,0,60,40,0,7,2,1,7,7,1,7,5,1,9,9,9,9,10,7,9,7,7,9,10,10,10,10,10,10,10,10,10,10,8.5,35,student
216,French,3,3,3,1.36096404744368,0.970950594454669,1,0.811278124459133,1,28,21,7,Female,60,40,0,40,50,10,40,60,0,6,6,1,7,3,1,7,7,1,9,9,7,7,9,7,9,7,9,9,10,10,10,10,10,10,10,10,10,10,8.2,40,work
217,French,5.5,5,6,0,0,0,0.985228136034251,1,32,20,12,Female,70,30,0,100,0,0,100,0,0,1,7,1,5,4,1,5,5,1,6,4,6,6,4,7,3,4,3,4,10,10,10,10,10,10,10,10,10,10,4.7,30,work
218,French,6.5,6,7,0.721928094887362,0,0,0.918295834054489,0.591672778582327,34,24,10,Male,65,35,0,80,20,0,100,0,0,7,1,1,7,4,1,7,2,1,7,10,10,10,10,7,7,9,10,9,10,10,10,10,10,10,10,10,10,10,8.9,35,student
219,French,2,2,2,1,1,0.811278124459133,0.918295834054489,1,28,18,10,Female,50,48,2,50,50,0,50,50,0,7,3,1,7,4,1,7,7,1,9,9,7,9,10,9,9,7,7,9,10,10,10,10,10,10,10,10,10,10,8.5,48,student
220,French,4.5,4,5,0,1.58481870497303,0.994030211476957,1,1.58496250072116,24,14,10,Female,50,25,25,100,0,0,34,33,33,7,1,6,6,6,1,6,6,6,7,9,9,9,7,7,9,9,9,7,10,10,10,10,10,10,10,10,10,10,8.2,25,work
221,French,3,4,2,0.0807931358959113,0.468995593589281,0,0.994030211476957,0.918295834054489,22,16,6,Female,90,10,0,99,1,0,90,10,0,7,1,1,6,7,1,7,4,1,9,9,9,9,10,9,9,9,9,9,10,10,10,10,10,9,10,10,10,10,9.1,10,student
223,French,6,5,7,1,0.881290899230693,0.811278124459133,0.811278124459133,0.918295834054489,30,21,9,Male,65,35,0,50,50,0,70,30,0,7,3,1,7,3,1,7,4,1,7,7,7,7,7,7,7,7,7,9,10,10,10,10,10,10,10,10,10,10,7.2,35,work
224,French,6,5,7,1.48547529722733,1.15677964944704,0.591672778582327,0.811278124459133,0.991076059838222,19,5,14,Female,30,50,20,50,30,20,70,20,10,7,2,1,3,7,1,5,6,1,7,9,6,7,7,4,7,7,7,7,10,10,10,10,10,10,10,10,10,10,6.8,50,none
225,French,1.5,2,1,0.934068055375491,0.970950594454669,0.811278124459133,0.591672778582327,1,19,8,11,Female,40,60,0,65,35,0,40,60,0,7,3,1,2,7,1,5,5,1,10,9,10,6,10,9,10,10,10,10,10,10,9,6,10,10,10,10,10,10,9.4,60,student
226,French,4,4,4,0.811278124459133,1,0.985228136034251,0.970950594454669,0.970950594454669,29,20,9,Female,75,25,0,25,75,0,50,50,0,5,4,1,7,5,1,7,5,1,9,7,7,7,7,7,7,7,7,7,10,10,10,10,10,10,10,10,10,10,7.2,25,work
229,French,7,7,7,1,0.468995593589281,1.29546184423832,0.591672778582327,1.31432048670618,18,6,12,Female,39,60,1,50,50,0,90,10,0,7,4,2,2,7,1,7,7,2,7,9,9,9,10,4,7,7,9,7,10,10,10,10,10,10,10,10,10,10,7.8,60,student
230,French,4,4,4,1.29546184423832,1.37095059445467,1.40563906222957,1,1,26,18,8,Male,70,20,10,60,30,10,20,60,20,5,4,2,5,5,1,5,5,1,7,7,7,6,9,6,7,6,6,7,10,10,10,10,10,10,10,10,10,10,6.8,20,work
231,French,1.5,1,2,1,0.881290899230693,0.591672778582327,0.918295834054489,1,22,21,1,Female,60,40,0,50,50,0,30,70,0,7,2,1,7,4,1,6,6,1,10,NA,10,10,10,10,10,10,10,10,10,10,10,10,10,10,10,10,10,10,10,40,student
232,French,3,3,3,0.970950594454669,0.721928094887362,0.918295834054489,1.22439444540599,1.52192809488736,19,17,2,Female,35,60,5,60,40,0,80,20,0,7,4,1,3,7,2,7,7,4,10,9,7,7,10,9,10,7,9,9,10,10,10,10,10,10,10,10,10,10,8.7,60,student
235,French,4,4,4,0.721928094887362,0.721928094887362,0.591672778582327,0.811278124459133,0.954434002924965,29,17,12,Male,70,30,0,80,20,0,80,20,0,7,2,1,7,3,1,6,4,1,7,7,7,7,7,7,7,7,7,7,10,10,10,10,10,10,10,10,10,10,7,30,work
237,English,3.5,3,4,0,0,0.591672778582327,0.811278124459133,0.918295834054489,21,16,5,Female,80,20,0,100,0,0,100,0,0,7,2,1,7,3,1,7,4,1,7,7,7,7,7,7,7,6,6,7,10,10,10,10,10,10,10,10,10,10,6.8,20,student
238,English,4,5,3,0,0.468995593589281,0.591672778582327,1,0.970950594454669,21,18,3,Female,90,10,0,100,0,0,90,10,0,7,2,1,7,7,1,7,5,1,6,6,6,4,6,6,6,6,3,6,10,10,10,10,10,10,10,10,10,10,5.5,10,work
239,English,3.5,3,4,0,0.747584679824574,0.918295834054489,1.36096404744368,1.22439444540599,22,21,1,Female,75,15,10,100,0,0,85,5,10,7,1,4,6,5,2,7,2,3,6,9,9,6,9,6,7,6,9,7,10,10,10,10,10,10,10,9,10,10,7.4,15,work/student
240,English,4.5,4,5,0.468995593589281,0.468995593589281,0,1,0.811278124459133,21,17,4,Male,85,15,0,90,10,0,90,10,0,7,1,1,7,7,1,7,3,1,7,7,6,7,7,7,7,7,6,7,10,10,10,10,10,10,10,10,10,10,6.8,15,student
241,English,2,2,2,0,0.286396957115956,0.591672778582327,0,0.811278124459133,22,17,5,Female,80,15,5,100,0,0,95,5,0,7,1,2,7,1,1,7,3,1,9,9,7,7,9,9,7,6,NA,7,10,10,10,10,10,10,10,10,9,10,7.777777777777778,15,student
243,English,1,1,1,0.0807931358959113,0.568995593589281,0.970950594454669,0.811278124459133,1.29546184423832,20,16,4,Female,85,10,5,99,1,0,90,5,5,7,1,5,7,3,1,7,4,2,10,10,10,10,10,10,10,10,10,10,10,10,10,10,10,10,10,10,10,10,10,10,student
244,English,1.5,2,1,0,0.468995593589281,0.811278124459133,0,1.22439444540599,19,18,1,Female,90,10,0,100,0,0,90,10,0,7,3,1,7,1,1,7,3,2,6,4,3,7,10,10,7,6,4,4,10,10,10,10,10,10,10,10,10,10,6.1,10,student
245,English,5.5,4,7,0,0.6098403047164,0,0,0.650022421648354,20,14,6,Female,96,4,0,100,0,0,85,15,0,7,1,1,7,1,1,6,2,1,3,3,1,1,1,3,1,3,1,3,10,10,10,10,10,10,10,10,10,10,2,4,student
246,English,4.5,3,6,0.468995593589281,0.468995593589281,0,0.811278124459133,0.994030211476957,22,14,8,Female,60,40,0,90,10,0,90,10,0,7,1,1,3,7,1,7,6,1,9,7,6,7,7,7,6,6,6,7,10,10,10,10,10,10,10,10,10,10,6.8,40,student
247,English,4,3,5,0,0.0807931358959113,0,0,0.591672778582327,20,15,5,Female,90,10,0,100,0,0,99,1,0,7,1,1,7,1,1,7,2,1,7,4,3,6,9,7,6,6,1,6,10,10,10,10,10,10,10,10,10,10,5.5,10,student
249,French,1.5,1,2,0.468995593589281,0.721928094887362,0.954434002924965,0,0.811278124459133,20,20,0,Female,15,85,0,10,90,0,20,80,0,4,6,1,1,7,1,3,7,1,10,10,10,10,10,10,10,10,10,10,7,9,6,7,10,10,10,7,9,10,10,85,student
250,French,4,3,5,0.6098403047164,0.811278124459133,0.811278124459133,0.591672778582327,0.591672778582327,21,8,13,Female,65,35,0,85,15,0,75,25,0,7,3,1,7,2,1,7,2,1,4,6,4,4,6,4,4,4,4,4,10,10,10,9,10,10,10,10,10,10,4.4,35,none
318,English,4,3,5,1.29546184423832,1.36096404744368,0.591672778582327,0.970950594454669,0.970950594454669,27,22,5,Female,85,15,0,60,30,10,40,50,10,7,2,1,7,5,1,7,5,1,7,9,9,6,6,9,9,9,9,9,10,10,10,10,10,10,10,10,10,10,8.2,15,work
319,English,2.5,3,2,0.468995593589281,0.286396957115956,0.650022421648354,0.985228136034251,0.954434002924965,22,20,2,Male,85,15,0,90,10,0,95,5,0,6,2,1,5,4,1,6,4,1,7,10,10,7,9,7,10,9,10,9,10,10,10,9,10,9,10,9,10,10,8.8,15,student
320,English,2,2,2,1,0.881290899230693,0.591672778582327,0.970950594454669,1,18,17,1,Male,60,40,0,50,50,0,70,30,0,7,2,1,5,7,1,7,7,1,10,10,10,10,10,10,10,9,9,10,10,10,9,10,10,10,10,9,10,10,9.8,40,student
321,English,3,3,3,0.721928094887362,0.721928094887362,0.985228136034251,0.918295834054489,0.954434002924965,23,14,9,Female,50,50,0,80,20,0,80,20,0,5,4,1,4,7,1,6,4,1,4,6,6,4,4,7,4,4,6,4,10,10,10,10,10,10,10,10,10,10,4.9,50,student
322,English,6,6,6,0,0,0,0.591672778582327,0,23,19,4,Female,95,5,0,100,0,0,100,0,0,7,1,1,7,2,1,7,1,1,6,6,4,4,6,7,4,4,6,6,10,10,10,10,10,10,10,10,10,10,5.3,5,student
323,English,4,3,5,1.57095059445467,1.15677964944704,1.39214722366453,1.55665670746282,1.31432048670618,28,15,13,Female,40,40,20,40,30,30,10,70,20,5,5,2,5,7,5,7,7,2,7,10,10,10,9,9,9,9,10,9,10,10,10,10,10,10,10,10,10,10,9.2,40,work
324,English,4,4,4,0.286396957115956,0.934068055375491,0,0.811278124459133,1,22,17,5,Female,70,30,0,95,5,0,65,35,0,7,1,1,3,7,1,7,7,1,9,7,7,6,9,7,9,7,9,9,10,10,10,10,10,10,10,10,10,10,7.9,30,student
325,English,6.5,6,7,0.881290899230693,0.881290899230693,0.918295834054489,0.591672778582327,0.994030211476957,31,26,5,Female,70,30,0,70,30,0,70,30,0,7,4,1,7,2,1,7,6,1,7,7,6,6,7,7,7,7,6,7,10,10,10,10,10,10,10,10,10,10,6.7,30,work
326,English,2,2,2,0.721928094887362,0.721928094887362,0.991076059838222,0.954434002924965,0.811278124459133,26,26,0,Female,70,30,0,80,20,0,80,20,0,6,5,1,6,4,1,7,3,1,9,9,7,7,10,9,9,7,7,9,10,10,10,10,10,10,10,10,10,10,8.3,30,student
327,English,4.5,5,4,0.286396957115956,0.721928094887362,0.591672778582327,0.918295834054489,0,19,13,6,Female,75,25,0,95,5,0,80,20,0,7,2,1,7,4,1,7,1,1,4,6,6,4,7,3,6,6,4,6,10,10,10,10,10,10,10,10,10,10,5.2,25,student
328,English,3,3,3,0.468995593589281,0.811278124459133,0.918295834054489,0.591672778582327,1,28,23,5,Male,50,50,0,90,10,0,75,25,0,7,4,1,2,7,1,5,5,1,7,9,3,7,7,6,6,6,3,9,10,10,10,10,10,9,9,10,10,10,6.3,50,work
329,English,3.5,4,3,0.721928094887362,0.970950594454669,0.991076059838222,0.811278124459133,0.918295834054489,21,16,5,Female,65,30,5,80,20,0,60,40,0,6,5,1,7,3,1,7,4,1,7,6,4,6,7,7,7,6,6,7,10,10,10,10,10,10,10,10,10,10,6.3,30,student
330,English,4,4,4,0.286396957115956,0.721928094887362,0.918295834054489,1,0.918295834054489,21,20,1,Female,90,10,0,95,5,0,80,20,0,7,4,1,7,7,1,7,4,1,9,10,10,10,10,9,10,10,10,9,10,10,10,10,10,10,10,10,10,10,9.7,10,student
332,English,4,3,5,0.970950594454669,0.468995593589281,0.811278124459133,0.918295834054489,0.811278124459133,24,21,3,Female,70,30,0,60,40,0,90,10,0,7,3,1,7,4,1,7,3,1,4,7,6,6,6,7,6,7,6,6,10,10,10,7,10,9,10,10,9,9,6.1,30,work
333,English,1.5,2,1,0.811278124459133,0,0.994030211476957,0.970950594454669,0.970950594454669,30,26,4,Female,50,50,0,75,25,0,100,0,0,7,6,1,4,3,1,4,3,1,10,10,9,10,10,10,9,9,9,10,10,10,10,10,10,10,10,10,10,10,9.6,50,student
334,English,3.5,2,5,0,0.6098403047164,0,0.811278124459133,0.591672778582327,21,16,5,Female,75,25,0,100,0,0,85,15,0,7,1,1,7,3,1,7,2,1,7,4,4,6,6,6,4,3,4,6,10,10,10,7,10,10,10,7,9,10,5,25,work
335,English,5,5,5,0,0,0,0,0.591672778582327,20,15,5,Female,90,10,0,100,0,0,100,0,0,7,1,1,7,1,1,7,2,1,7,9,9,7,9,7,7,9,7,7,10,10,10,10,10,10,10,10,10,10,7.8,10,student
336,English,2,2,2,0.721928094887362,1,0,0.918295834054489,1,24,19,5,Female,50,50,0,80,20,0,50,50,0,7,1,1,5,3,1,7,7,1,7,7,4,6,7,10,7,6,6,7,10,10,10,9,10,10,10,10,10,10,6.7,50,student
337,English,2,2,2,0.970950594454669,1,1,0.591672778582327,1,18,13,5,Female,70,30,0,40,60,0,50,50,0,6,6,1,7,2,1,6,6,1,9,10,10,7,10,10,10,10,10,10,10,10,10,9,10,9,10,10,9,10,9.6,30,student
338,English,6.5,6,7,0,0.721928094887362,0.970950594454669,1.29546184423832,0.918295834054489,29,26,3,Female,85,15,0,100,0,0,80,20,0,7,5,1,7,4,2,7,4,1,7,6,6,4,9,7,7,7,7,7,10,10,10,10,10,10,10,10,10,10,6.7,15,work
339,English,1.5,1,2,0.286396957115956,1,1.29546184423832,0.591672778582327,1.22439444540599,29,29,0,Female,95,5,0,95,5,0,50,50,0,7,4,2,7,2,1,7,3,2,10,10,10,10,10,10,10,10,10,10,10,10,10,10,10,10,10,10,10,10,10,5,work
340,English,1.5,1,2,0.881290899230693,0.468995593589281,0.811278124459133,1,0.811278124459133,30,27,3,Female,80,20,0,70,30,0,90,10,0,7,3,1,7,7,1,7,3,1,10,10,10,9,10,10,10,10,10,10,10,10,10,10,10,10,10,10,10,10,9.9,20,work
341,English,2,2,2,0,0.468995593589281,0,0.591672778582327,0.591672778582327,28,8,20,Female,90,10,0,100,0,0,90,10,0,7,1,1,2,7,1,7,2,1,9,7,4,7,9,9,7,7,4,7,10,10,10,10,10,10,10,10,10,10,7,10,work
342,English,4,3,5,0.468995593589281,0.811278124459133,0,1,0.991076059838222,27,16,11,Female,50,50,0,10,90,0,25,75,0,1,7,1,5,5,1,5,6,1,9,9,7,9,9,7,9,7,7,9,10,10,10,9,10,10,10,9,10,10,8.2,50,work/student
343,English,4.5,4,5,0.6098403047164,0.468995593589281,0,0.591672778582327,0.591672778582327,22,9,13,Male,90,10,0,85,15,0,90,10,0,7,1,1,7,2,1,7,2,1,4,6,4,6,6,6,4,6,4,6,10,10,10,10,10,10,10,10,10,10,5.2,10,NA
346,English,3,3,3,0,1,0.591672778582327,0.591672778582327,1,29,27,2,Female,90,10,0,100,0,0,50,50,0,7,2,1,7,2,1,7,7,1,6,6,4,6,9,6,6,6,6,6,10,10,10,10,10,10,10,10,10,10,6.1,10,student
347,English,3,3,3,0.468995593589281,0.468995593589281,0.591672778582327,0.970950594454669,0.970950594454669,24,21,3,Male,90,10,0,90,10,0,90,10,0,7,2,1,7,5,1,7,5,1,9,10,9,7,10,9,10,9,9,9,10,10,10,10,10,10,10,10,10,10,9.1,10,student
348,English,6.5,6,7,0.721928094887362,0.6098403047164,0.591672778582327,0,0.811278124459133,21,16,5,Female,80,20,0,80,20,0,85,15,0,7,2,1,7,1,1,7,3,1,4,6,4,4,6,3,4,4,3,4,10,10,10,9,10,10,10,10,10,10,4.2,20,student
349,English,4,1,7,0,0,0,0.650022421648354,0,20,14,6,Female,95,5,0,100,0,0,100,0,0,7,1,1,6,2,1,7,1,1,4,4,3,6,4,4,4,3,3,4,10,10,10,10,10,10,10,10,10,10,3.9,5,none
350,English,4.5,3,6,0.721928094887362,1,1,0.918295834054489,1,25,20,5,Female,60,40,0,80,20,0,50,50,0,7,7,1,4,7,1,7,7,1,9,9,7,7,7,9,7,7,7,7,10,10,10,10,10,10,10,10,10,10,7.6,40,work
351,English,3,3,3,0.970950594454669,0.881290899230693,1,1,1,20,12,8,Male,40,60,0,60,40,0,70,30,0,7,7,1,7,7,1,7,7,1,10,10,9,9,10,9,9,9,9,10,10,10,10,10,10,10,10,10,10,10,9.4,60,work
352,English,2,2,2,0.881290899230693,0.721928094887362,0.591672778582327,0.918295834054489,0.918295834054489,22,22,0,Female,60,40,0,70,30,0,80,20,0,7,2,1,4,7,1,7,4,1,10,10,10,10,10,10,10,10,10,10,10,10,10,10,10,10,10,10,10,10,10,40,student
353,English,5.5,5,6,0.721928094887362,0.970950594454669,0.591672778582327,0.970950594454669,0.811278124459133,26,21,5,Female,60,40,0,80,20,0,60,40,0,7,2,1,5,7,1,7,3,1,7,6,3,3,7,4,7,6,3,7,10,10,10,10,10,10,10,10,10,10,5.3,40,work
354,English,2.5,2,3,0.468995593589281,1.51288762151816,1.37095059445467,0.970950594454669,1.52623490994952,24,22,2,Male,45,30,25,90,10,0,45,20,35,7,3,3,5,7,1,7,5,4,7,6,3,6,9,7,7,7,4,7,10,10,10,9,10,10,10,10,10,10,6.3,30,student
355,English,1,1,1,0.6098403047164,0.6098403047164,0.811278124459133,0.994030211476957,0.994030211476957,20,19,1,Female,90,10,0,85,15,0,85,15,0,7,3,1,7,6,1,7,6,1,10,10,10,10,10,10,10,10,10,10,9,10,9,10,10,10,10,10,10,10,10,10,work
357,English,2.5,2,3,0.322493361860324,0.141440542541821,0,0.918295834054489,0.591672778582327,19,15,4,Male,89,10,1,95,4,1,98,2,0,7,1,1,7,4,1,7,2,1,7,10,9,4,6,7,7,6,9,7,10,10,10,10,10,10,10,10,10,10,7.2,10,work/student
358,English,1,1,1,1.11406702640604,0.921928094887362,0.591672778582327,0.811278124459133,1,20,19.75,0.25,Female,65,30,5,54,44,2,80,10,10,7,2,1,3,7,1,7,7,1,10,10,10,10,10,10,10,10,10,10,10,10,10,10,10,10,10,10,10,10,10,30,student
359,English,2,2,2,0.468995593589281,0.881290899230693,0.591672778582327,0,0.918295834054489,23,12,11,Male,70,30,0,90,10,0,70,30,0,7,2,1,7,1,1,7,4,1,7,7,6,7,9,9,7,7,6,9,10,10,9,10,10,10,10,10,9,10,7.4,30,student
360,French,6,6,6,0.881290899230693,0.468995593589281,0.591672778582327,0.863120568566631,0.650022421648354,20,10,10,Female,60,40,0,70,30,0,90,10,0,7,2,1,6,3,1,6,2,1,6,7,7,6,9,4,4,4,4,6,10,10,10,9,10,10,10,10,10,10,5.7,40,student
361,French,3.5,6,1,0.721928094887362,0.970950594454669,0.994030211476957,1,0.970950594454669,20,8,12,Female,20,80,0,80,20,0,60,40,0,7,6,1,7,7,1,5,7,1,10,7,7,9,10,9,9,9,9,9,10,10,10,10,10,10,10,10,10,10,8.8,80,student
363,French,4,3,5,0.468995593589281,0.721928094887362,0,0.650022421648354,0.650022421648354,19,4,15,Female,20,80,0,90,10,0,80,20,0,7,1,1,2,6,1,2,6,1,7,9,6,9,7,6,9,7,NA,7,10,10,10,10,10,10,10,10,10,10,7.444444444444445,80,student
364,French,6,5,7,0,1,0.591672778582327,1.2987949406954,1.32217934551667,19,16,3,Female,40,55,5,100,0,0,50,50,0,7,2,1,6,3,2,5,7,2,6,10,7,7,10,4,6,6,4,7,10,10,10,10,10,10,10,10,7,10,6.7,55,work
365,French,5,5,5,0.881290899230693,0.286396957115956,0.591672778582327,0.591672778582327,0.591672778582327,20,8,12,Female,80,20,0,70,30,0,95,5,0,7,2,1,7,2,1,7,2,1,7,7,7,7,7,7,7,7,4,7,10,10,10,10,10,10,10,10,10,10,6.7,20,student
368,French,5.5,5,6,0,0.468995593589281,0,1,0.918295834054489,30,2.5,27.5,Female,10,90,0,0,100,0,10,90,0,1,7,1,7,7,1,4,7,1,7,7,7,9,7,6,7,6,6,7,10,10,10,10,10,10,10,10,10,10,6.9,90,work
369,French,4.5,6,3,0.992774453987808,0.970950594454669,0.591672778582327,0.591672778582327,0.863120568566631,21,19,2,Female,60,40,0,55,45,0,60,40,0,7,2,1,2,7,1,6,3,1,7,7,7,7,9,6,6,7,6,7,10,10,10,10,10,10,10,10,10,10,6.9,40,student
370,French,4.5,4,5,1,0.881290899230693,0.811278124459133,0.970950594454669,0.991076059838222,19,7,12,Female,65,35,0,50,50,0,70,30,0,7,3,1,7,5,1,6,5,1,6,9,9,7,9,4,4,4,6,7,10,10,10,10,10,10,10,10,10,10,6.5,35,student
371,French,5.5,5,6,0,0,0,0,0.918295834054489,20,2.5,17.5,Female,50,50,0,0,100,0,100,0,0,7,1,1,7,1,1,5,3,1,4,7,7,7,7,4,4,4,6,6,10,10,10,10,10,10,10,10,10,10,5.6,50,work
372,French,3.5,3,4,0.992774453987808,0.881290899230693,0.591672778582327,0.811278124459133,0.811278124459133,21,11,10,Female,65,35,0,55,45,0,70,30,0,7,2,1,3,7,1,7,3,1,7,7,7,9,7,7,7,6,9,7,10,10,10,9,10,10,10,10,10,10,7.3,35,student
373,French,1,1,1,0.970950594454669,1,0.970950594454669,0.811278124459133,1,20,16,4,Male,30,70,0,60,40,0,50,50,0,7,5,1,7,3,1,7,7,1,9,6,6,9,9,7,9,7,6,7,10,10,4,7,10,10,10,9,4,9,7.5,70,student
374,French,7,7,7,1,0.721928094887362,0,0,0.591672778582327,19,10,9,Male,70,30,0,50,50,0,80,20,0,7,1,1,7,1,1,7,2,1,4,6,6,4,7,4,6,4,4,6,10,10,10,10,10,10,10,10,10,10,5.1,30,student
375,French,2,2,2,0,0.286396957115956,0.811278124459133,0.591672778582327,0.591672778582327,22,12,10,Female,10,90,0,0,100,0,5,95,0,3,7,1,2,7,1,2,7,1,10,10,10,10,10,9,10,10,10,10,10,10,10,10,10,10,10,10,10,10,9.9,90,student
376,French,5.5,6,5,0.468995593589281,0.468995593589281,0,0.811278124459133,0.954434002924965,18,6,12,Female,40,60,0,90,10,0,90,10,0,7,1,1,3,7,1,4,6,1,9,10,10,10,7,6,7,9,9,9,10,10,10,10,10,10,10,10,10,10,8.6,60,work/student
377,French,3.5,2,5,0.811278124459133,0.721928094887362,0.591672778582327,1,0.863120568566631,24,14,10,Male,70,30,0,75,25,0,80,20,0,7,2,1,4,4,1,6,3,1,7,6,4,4,7,7,7,6,6,7,10,10,9,9,10,10,10,7,7,9,6.1,30,work
378,French,3,3,3,0.881290899230693,0.721928094887362,0.591672778582327,0.970950594454669,0.811278124459133,20,15,5,Female,70,30,0,30,70,0,80,20,0,7,2,1,7,5,1,7,3,1,7,9,7,9,9,9,7,7,6,7,10,10,10,9,10,10,10,10,10,10,7.7,30,work
379,French,4.5,4,5,1,1.15677964944704,0.811278124459133,1.46048468131311,1.31432048670618,22,16,6,Male,69,29,2,50,50,0,70,20,10,7,3,1,7,6,3,7,7,2,7,9,6,6,7,6,9,7,6,7,10,10,10,9,10,10,10,9,9,10,7,29,student
380,French,7,7,7,0.468995593589281,0.468995593589281,0,0.650022421648354,0.650022421648354,27,16,11,Female,90,10,0,90,10,0,90,10,0,7,1,1,6,2,1,6,2,1,6,9,7,7,7,4,6,6,7,7,10,10,10,10,10,10,10,10,10,10,6.6,10,student
382,French,5,5,5,0.970950594454669,1,0,0.591672778582327,0.991076059838222,22,12,10,Male,75,25,0,40,60,0,50,50,0,7,1,1,2,7,1,6,5,1,7,9,7,7,9,6,6,7,7,7,10,10,10,9,10,10,10,10,10,10,7.2,25,student
384,French,2.5,3,2,0,0.286396957115956,0,0.918295834054489,0.970950594454669,24,14,10,Female,60,40,0,100,0,0,95,5,0,7,1,1,4,7,1,7,5,1,10,7,7,9,10,9,9,7,7,9,10,10,10,10,10,10,10,10,10,10,8.4,40,student
385,French,5,5,5,1,0.970950594454669,1.53049305675748,1,0.985228136034251,26,14,12,Female,60,30,10,50,50,0,40,60,0,5,4,3,7,7,1,5,4,1,9,9,9,7,9,6,7,7,9,7,10,10,10,10,10,10,10,10,10,10,7.9,30,work
388,French,4.5,5,4,0.721928094887362,0.881290899230693,1,1,0.954434002924965,29,18,11,Male,70,30,0,80,20,0,70,30,0,5,5,1,5,5,1,4,6,1,7,9,9,9,9,6,7,7,7,7,10,10,10,10,10,10,10,10,10,10,7.7,30,work
389,French,4.5,2,7,1,0.934068055375491,0.970950594454669,0.985228136034251,0.591672778582327,23,17,6,Male,20,80,0,50,50,0,65,35,0,7,5,1,4,5,1,2,7,1,10,10,9,10,10,9,9,9,10,10,10,10,10,10,10,10,10,10,10,10,9.6,80,student
390,French,3.5,3,4,0.468995593589281,0.468995593589281,0.650022421648354,1,0.650022421648354,29,22,7,Female,60,40,0,90,10,0,90,10,0,6,2,1,4,4,1,6,2,1,6,6,4,6,7,6,6,4,4,6,9,9,9,9,9,9,9,9,9,9,5.5,40,work/student
392,French,5,4,6,0.468995593589281,0.286396957115956,0.918295834054489,1.37878349348618,0.918295834054489,20,11,9,Male,80,20,0,90,10,0,95,5,0,7,4,1,5,2,3,7,4,1,7,9,7,6,7,7,7,7,7,7,10,10,10,7,10,9,10,10,9,10,7.1,20,student
394,French,5,3,7,0,0,0,0.811278124459133,0.811278124459133,32,21,11,Female,75,25,0,100,0,0,0,100,0,7,1,1,7,3,1,7,3,1,9,6,6,7,9,9,9,7,6,7,10,10,10,10,10,10,10,10,10,10,7.5,25,work
395,French,2,2,2,0.881290899230693,0.881290899230693,0.970950594454669,0.970950594454669,1.44881563572518,35,24,11,Female,50,50,0,70,30,0,70,30,0,7,5,1,7,5,1,7,7,3,7,7,7,7,7,9,7,6,7,7,10,10,10,10,10,10,10,10,10,10,7.1,50,work
398,French,4.5,3,6,0.721928094887362,0,0.591672778582327,0.811278124459133,1,29,19,10,Male,70,30,0,80,20,0,100,0,0,7,2,1,7,3,1,7,7,1,7,7,6,6,7,6,6,6,6,6,10,10,7,7,10,9,10,7,6,7,6.3,30,student
424,English,2,2,2,0.970950594454669,1,0.994030211476957,0.918295834054489,1,28,25,3,Female,70,30,0,60,40,0,50,50,0,7,6,1,4,7,1,7,7,1,10,10,10,9,9,9,10,9,7,9,10,10,10,10,10,10,10,10,10,10,9.2,30,student
427,English,4,2,6,0,0.468995593589281,1.06127812445913,0.591672778582327,0.985228136034251,20,15,5,Male,70,28,2,100,0,0,90,10,0,7,2,2,2,7,1,5,4,1,10,7,6,6,10,9,9,7,7,9,10,10,10,10,10,10,10,10,10,10,8,28,student
428,English,5,3,7,0.322493361860324,0.141440542541821,0.591672778582327,0,0.591672778582327,20,15,5,Male,98,2,0,95,4,1,98,2,0,7,2,1,7,1,1,7,2,1,7,9,9,9,9,9,9,9,9,9,10,10,10,10,10,10,10,10,10,10,8.8,2,student
429,English,4,3,5,0,0.721928094887362,0,0,0.591672778582327,19,13,6,Female,95,5,0,100,0,0,80,20,0,7,1,1,7,1,1,7,2,1,6,6,6,6,6,7,6,6,6,6,10,10,10,10,10,10,10,10,10,10,6.1,5,student
432,English,1.5,2,1,0.468995593589281,0.468995593589281,0.591672778582327,0.970950594454669,0.811278124459133,19,8,11,Female,80,20,0,90,10,0,90,10,0,7,2,1,7,5,1,7,3,1,7,7,6,7,6,7,7,6,4,6,10,10,10,10,10,10,10,10,9,10,6.3,20,work
433,English,1,1,1,0.881290899230693,0.970950594454669,1.32501121082418,0.918295834054489,0.970950594454669,20,20,0,Female,60,40,0,70,30,0,60,40,0,7,6,2,7,4,1,7,5,1,10,7,4,3,9,10,10,7,3,7,10,10,9,9,10,10,10,9,9,10,7,40,work/student
434,English,2.5,3,2,0.721928094887362,0.721928094887362,0.811278124459133,1,0.970950594454669,20,16,4,Female,60,40,0,80,20,0,80,20,0,7,3,1,7,7,1,7,5,1,9,9,7,7,9,7,7,7,7,9,10,10,10,10,10,10,10,10,10,10,7.8,40,work
436,English,2,2,2,0,0.557124683512351,1.29546184423832,1,1.31432048670618,19,18,1,Female,85,14,1,100,0,0,90,7,3,7,4,2,7,7,1,7,7,2,7,10,6,7,10,9,9,9,6,7,10,10,10,10,10,10,10,10,6,10,8,14,work
437,English,2,2,2,0.721928094887362,1,1,1,0.811278124459133,23,23,0,Female,50,50,0,80,20,0,50,50,0,7,7,1,7,7,1,7,3,1,10,9,7,9,10,10,10,7,7,9,10,10,10,10,10,10,10,10,10,10,8.8,50,student
438,English,2.5,2,3,0,0.721928094887362,0.591672778582327,0.591672778582327,1.45914791702724,20,12,8,Female,70,30,0,100,0,0,80,20,0,7,2,1,7,2,1,7,5,3,9,9,7,6,9,7,7,7,7,9,10,10,10,10,10,10,10,10,10,10,7.7,30,student
439,English,6.5,7,6,0,0,0.591672778582327,1,0.994030211476957,20,9,11,Female,80,20,0,100,0,0,100,0,0,7,2,1,7,7,1,7,6,1,6,9,7,7,9,4,7,6,6,7,10,10,10,10,10,10,10,10,10,10,6.8,20,student
441,English,5.5,4,7,0,0,0,0.994030211476957,0.811278124459133,19,14,5,Female,80,20,0,100,0,0,100,0,0,7,1,1,6,7,1,7,3,1,7,9,9,9,10,7,7,10,9,7,10,10,10,10,10,10,10,10,10,10,8.4,20,work
445,English,5.5,5,6,0,0.970950594454669,0.591672778582327,0.918295834054489,0.994030211476957,26,18,8,Male,60,40,0,100,0,0,60,40,0,7,2,1,7,4,1,7,6,1,7,7,3,4,7,7,7,6,7,7,10,10,10,10,10,10,10,10,10,10,6.2,40,student
446,English,5.5,5,6,0,0,0.591672778582327,0,0.918295834054489,34,27,7,Male,70,30,0,100,0,0,100,0,0,7,2,1,7,1,1,7,4,1,4,4,4,4,10,4,4,4,4,4,10,10,10,10,10,10,10,10,10,10,4.6,30,student
447,English,4,4,4,1.48547529722733,1.29546184423832,0.811278124459133,0.811278124459133,0.918295834054489,19,14,5,Male,75,10,15,50,30,20,60,30,10,7,3,1,7,3,1,7,4,1,7,9,6,6,7,6,6,6,6,7,10,10,10,10,10,10,10,10,10,10,6.6,10,work
448,English,2.5,2,3,0.881290899230693,0.721928094887362,1.29546184423832,0.918295834054489,0.918295834054489,22,12,10,Female,50,50,0,70,30,0,80,20,0,7,4,2,7,4,1,7,4,1,7,9,9,6,6,6,7,9,9,7,9,10,10,7,9,9,9,6,7,7,7.5,50,student
449,English,6,6,6,0.881290899230693,1,0,1,0.811278124459133,22,15,7,Male,80,20,0,70,30,0,50,50,0,7,1,1,7,7,1,7,3,1,6,10,6,6,7,4,7,7,4,6,10,10,10,10,10,10,10,10,10,10,6.3,20,work
450,English,6,5,7,1.15677964944704,1.15677964944704,0.811278124459133,1,1.45914791702724,23,18,5,Female,70,20,10,70,20,10,70,20,10,7,1,3,5,5,1,7,3,5,6,6,4,6,7,4,4,4,4,6,10,10,10,9,10,9,10,10,10,10,5.1,20,student
452,English,4.5,4,5,0.568995593589281,0.568995593589281,1.35164411515339,1.29546184423832,1.46048468131311,24,23,1,Female,45,45,10,90,5,5,90,5,5,6,4,2,7,4,2,7,6,3,9,9,9,9,10,9,10,10,10,10,10,10,10,10,10,10,10,10,10,10,9.5,45,student
455,English,4.5,5,4,0.286396957115956,0,1.22439444540599,0.811278124459133,1.22439444540599,29,26,3,Female,80,15,5,95,0,5,100,0,0,7,2,3,7,3,1,7,2,3,7,6,4,7,6,3,6,4,6,6,10,10,10,10,10,10,10,10,10,10,5.5,15,work
456,English,1.5,1,2,1.15677964944704,1.5,1.43537139077453,1.32217934551667,1.37095059445467,24,17,7,Female,70,20,10,70,10,20,50,25,25,7,3,4,7,2,5,7,3,3,9,10,9,10,10,10,10,7,10,9,10,10,10,10,10,10,10,10,10,10,9.4,20,work
458,English,4,3,5,0.721928094887362,0.881290899230693,0.811278124459133,0.591672778582327,0.970950594454669,21,20,1,Male,85,15,0,80,20,0,70,30,0,7,3,1,7,2,1,7,5,1,9,9,10,7,9,7,9,9,9,9,10,10,10,10,10,10,10,10,10,10,8.7,15,work
459,English,6,5,7,0.468995593589281,0.970950594454669,0,0.918295834054489,1,27,22,5,Female,80,20,0,90,10,0,40,60,0,7,1,1,7,4,1,7,7,1,7,9,7,6,9,7,7,7,6,7,10,10,10,10,10,10,10,10,10,NA,7.2,20,student
460,English,2.5,2,3,0,0,0,0.970950594454669,0.811278124459133,23,18.5,4.5,Female,90,10,0,100,0,0,100,0,0,7,1,1,7,5,1,7,3,1,7,7,7,7,9,10,9,9,7,9,10,10,10,10,10,10,10,10,10,10,8.1,10,work
462,English,6,5,7,0.721928094887362,0.468995593589281,0,0.650022421648354,0.918295834054489,26,4,22,Female,70,30,0,80,20,0,90,10,0,7,1,1,6,2,1,7,4,1,7,7,7,7,7,6,7,6,7,7,10,10,10,10,10,10,10,10,10,10,6.8,30,student
463,English,3,3,3,0.970950594454669,1,0.994030211476957,1,0.994030211476957,21,7,14,Female,55,45,0,60,40,0,50,50,0,7,6,1,5,5,1,7,6,1,9,7,7,7,10,9,9,7,7,9,10,10,10,10,10,10,10,10,10,10,8.1,45,student
465,English,4.5,4,5,0.568995593589281,0.921928094887362,1.29546184423832,1.06127812445913,1.5,28,24,4,Male,75,15,10,90,5,5,80,10,10,7,2,4,7,2,2,7,4,4,6,9,9,9,9,6,6,6,7,7,10,10,10,10,10,10,10,10,10,10,7.4,15,student
466,English,5.5,4,7,0.468995593589281,0.721928094887362,0.591672778582327,0,0.591672778582327,24,19,5,Female,85,14,1,90,10,0,80,20,0,7,2,1,7,1,1,7,2,1,6,7,4,6,7,6,4,6,7,6,10,10,10,10,10,10,10,10,10,10,5.9,14,student
468,French,3,3,3,0.468995593589281,0.811278124459133,0.811278124459133,0.591672778582327,0.591672778582327,21,9,12,Female,60,40,0,90,10,0,75,25,0,7,3,1,7,2,1,7,2,1,4,6,4,4,7,4,4,4,4,4,10,10,10,10,10,10,10,10,10,10,4.5,40,work
470,French,3.5,3,4,0.970950594454669,0.811278124459133,0.591672778582327,0.591672778582327,0.811278124459133,21,10,11,Female,65,35,0,60,40,0,75,25,0,7,2,1,7,2,1,7,3,1,7,7,7,6,7,6,7,6,7,7,10,10,10,7,10,10,10,10,10,10,6.7,35,student
471,French,3,3,3,0,0.721928094887362,0,0.721928094887362,0.650022421648354,23,12,11,Female,20,80,0,0,100,0,20,80,0,1,7,1,2,5,1,2,6,1,7,9,6,7,9,7,7,6,6,7,10,10,10,10,10,10,10,10,10,10,7.1,80,student
472,French,6,5,7,0,0.468995593589281,0,0.650022421648354,0.721928094887362,22,10,12,Female,80,20,0,100,0,0,90,10,0,7,1,1,6,2,1,5,1,2,6,9,9,6,9,4,6,6,6,6,10,10,10,10,10,10,10,10,10,10,6.7,20,student
474,French,7,7,7,0.468995593589281,0,0,0.591672778582327,0.591672778582327,20,8,12,Female,70,30,0,90,10,0,100,0,0,7,1,1,7,2,1,7,2,1,4,7,6,3,4,4,4,4,4,4,10,10,10,10,10,10,10,10,10,10,4.4,30,student
475,French,3.5,5,2,0.286396957115956,0.881290899230693,0.970950594454669,0,0.970950594454669,26,20,6,Female,60,40,0,95,5,0,70,30,0,7,5,1,7,1,1,7,5,1,7,9,6,9,9,7,7,6,9,7,10,10,10,10,10,10,10,7,10,10,7.6,40,student
477,French,6,6,6,0.811278124459133,1,0.591672778582327,0,1,23,18,5,Female,67,33,0,25,75,0,50,50,0,7,2,1,7,1,1,5,5,1,6,9,7,10,10,6,6,7,6,7,10,10,7,10,10,10,10,7,7,9,7.4,33,work/student
478,French,5,5,5,1,0,1.22439444540599,1,1.32217934551667,20,19,1,Female,45,50,5,50,50,0,100,0,0,3,7,2,7,7,1,7,5,2,6,7,7,4,7,4,6,6,6,7,10,10,10,9,10,10,10,9,10,10,6,50,student
479,French,3.5,4,3,1,0.970950594454669,0.591672778582327,0.918295834054489,1,21,10,11,Male,51,49,0,50,50,0,60,40,0,7,2,1,4,7,1,5,5,1,4,9,6,4,9,6,7,7,6,6,10,10,10,9,10,10,9,10,9,10,6.4,49,student
480,French,6.5,6,7,0.881290899230693,0.286396957115956,0.721928094887362,1,0.811278124459133,19,11,8,Female,40,60,0,70,30,0,95,5,0,5,2,1,5,5,1,7,3,1,4,7,7,7,7,3,3,6,6,6,10,10,10,10,10,10,10,10,10,10,5.6,60,student
482,French,2.5,3,2,0.468995593589281,0,0,0.970950594454669,0.591672778582327,20,10,10,Female,80,20,0,90,10,0,100,0,0,7,1,1,7,5,1,7,2,1,7,7,7,7,7,6,6,7,7,7,10,10,10,10,10,10,10,10,10,10,6.8,20,student
483,French,2.5,2,3,1,0.881290899230693,0.918295834054489,1.29546184423832,1,22,14,8,Male,55,40,5,50,50,0,70,30,0,7,4,1,7,4,2,7,7,1,9,9,7,7,9,9,7,7,10,9,10,10,10,10,10,10,10,10,10,10,8.3,40,work
484,French,1.5,2,1,0.881290899230693,0.970950594454669,0.970950594454669,0.591672778582327,0.991076059838222,20,13.5,6.5,Female,60,40,0,30,70,0,60,40,0,7,5,1,7,2,1,6,5,1,9,10,10,10,9,9,10,7,7,9,10,10,7,10,9,10,10,9,7,9,9,40,student
485,French,6.5,6,7,1,0.515895152948209,0,0.918295834054489,1.32217934551667,19,7,12,Female,75,23,2,50,50,0,90,9,1,7,1,1,7,4,1,7,5,2,7,10,7,9,9,4,6,7,7,7,10,10,10,10,10,10,10,10,10,10,7.3,23,student
486,French,2,2,2,1,1,1,0,0.994030211476957,21,19,2,Male,50,45,5,50,50,0,50,50,0,7,7,1,1,7,1,7,6,1,10,10,10,10,10,9,10,7,7,9,10,10,10,10,10,10,10,10,10,10,9.2,45,student
487,French,1,1,1,1,1.20880002184789,1,1.31432048670618,0.918295834054489,19,14,5,Female,25,74,1,50,50,0,38,57,5,7,7,1,7,7,2,4,7,1,10,10,10,10,10,10,10,10,10,10,10,10,10,10,10,10,10,10,10,10,10,74,student
488,French,3.5,3,4,1.12114609454121,0,0.811278124459133,1.29546184423832,1.32217934551667,19,9,10,Female,60,35,5,50,48,2,100,0,0,7,3,1,4,7,2,7,5,2,9,9,9,9,7,7,7,6,7,7,10,10,10,10,10,10,10,10,10,10,7.7,35,student
489,French,1,1,1,1,1,0.811278124459133,0,1,19,19,0,Female,60,40,0,50,50,0,50,50,0,7,3,1,7,1,1,7,7,1,10,10,9,7,9,10,10,10,9,10,10,10,10,9,9,10,10,10,10,10,9.4,40,student
490,French,6,6,6,0.468995593589281,0.468995593589281,0.591672778582327,0.591672778582327,0.954434002924965,20,9,11,Female,75,25,0,90,10,0,90,10,0,7,2,1,7,2,1,6,4,1,4,4,3,4,4,3,3,3,3,4,10,10,10,10,10,10,10,10,10,10,3.5,25,student
494,French,1,1,1,0.881290899230693,0.881290899230693,1,0.970950594454669,0.991076059838222,22,21,1,Female,30,70,0,30,70,0,70,30,0,7,7,1,5,7,1,5,6,1,10,10,10,9,10,9,10,9,9,9,10,10,10,9,10,10,9,9,9,10,9.5,70,student
495,French,1,1,1,1.36096404744368,1.58481870497303,1.29546184423832,1.29546184423832,1.48335575498169,20,11,9,Male,20,60,20,40,50,10,33,34,33,7,4,2,2,7,4,6,6,3,10,10,9,10,10,9,10,9,9,10,10,10,7,10,10,10,10,9,7,10,9.6,60,student
496,French,7,7,7,1,0.881290899230693,0.591672778582327,0.970950594454669,0.918295834054489,21,12,9,Female,50,45,5,50,50,0,70,30,0,7,2,1,7,5,1,7,4,1,7,9,9,9,9,4,9,9,9,9,10,10,10,10,10,10,10,10,10,10,8.3,45,student
497,French,3.5,3,4,1,1,0.991076059838222,0.650022421648354,0.954434002924965,22,16,6,Female,45,55,0,50,50,0,50,50,0,6,5,1,6,2,1,6,4,1,10,10,10,10,10,9,10,10,10,10,10,10,10,10,10,10,10,6,10,10,9.9,55,work/student
499,French,1,1,1,1,1,1.32501121082418,1.32501121082418,1.31432048670618,19,18,1,Female,50,45,5,50,50,0,50,50,0,6,7,2,7,6,2,7,7,2,10,10,10,10,10,10,10,10,9,10,10,10,10,10,10,10,10,10,10,10,9.9,45,work
500,French,1.5,2,1,0.970950594454669,0.970950594454669,0.954434002924965,0.994030211476957,1.29546184423832,21,14,7,Female,20,75,5,60,40,0,60,40,0,4,6,1,6,7,1,4,7,2,7,7,7,6,7,6,7,6,6,7,10,7,7,6,7,7,7,7,7,7,6.6,75,student
501,French,6.5,6,7,1,0.881290899230693,0,1,0.954434002924965,29,17,12,Female,90,10,0,50,50,0,70,30,0,7,1,1,4,4,1,6,4,1,7,10,10,9,9,7,9,9,10,9,NA,NA,NA,NA,NA,NA,NA,NA,NA,NA,8.9,10,NA
502,French,1.5,2,1,0.721928094887362,0.970950594454669,0.863120568566631,1,0.954434002924965,21,14,7,Male,30,70,0,20,80,0,40,60,0,3,6,1,6,6,1,4,6,1,9,10,10,9,10,9,9,9,9,9,7,9,6,7,7,7,7,6,4,7,9.3,70,student
503,French,3.5,4,3,0.970950594454669,0.811278124459133,0.591672778582327,0.954434002924965,0.991076059838222,23,15,8,Female,70,30,0,40,60,0,75,25,0,7,2,1,4,6,1,6,5,1,6,7,7,7,7,4,4,6,6,6,9,9,9,9,9,9,9,7,7,9,6,30,work
504,French,1.5,1,2,0.721928094887362,1,1,0,0.994030211476957,26,19,7,Female,60,40,0,20,80,0,50,50,0,7,7,1,7,1,1,6,7,1,10,10,10,10,10,10,10,10,10,10,10,10,10,10,10,10,10,10,10,10,10,40,student
505,French,4.5,3,6,0,1,0.591672778582327,0.985228136034251,1,27,14,13,Male,70,30,0,100,0,0,50,50,0,7,2,1,5,4,1,5,5,1,9,10,10,7,9,7,9,7,7,9,10,10,10,9,10,10,10,10,10,10,8.4,30,work
507,French,4,3,5,0,0.921928094887362,0,0.591672778582327,1.14883485428092,24,20,4,Female,65,25,10,100,0,0,80,10,10,7,1,1,7,2,1,6,2,2,7,7,6,4,7,7,7,7,6,7,10,10,10,10,10,10,10,10,10,10,6.5,25,work
508,French,3,3,3,0.468995593589281,0.468995593589281,0,0.918295834054489,0.650022421648354,25,15,10,Female,70,30,0,90,10,0,90,10,0,7,1,1,5,3,1,6,2,1,7,6,4,4,6,6,6,3,4,6,10,10,10,9,10,10,10,9,7,10,5.2,30,student
509,French,1,1,1,0.721928094887362,0.721928094887362,0.650022421648354,0.721928094887362,1,30,30,0,Female,60,40,0,20,80,0,80,20,0,6,2,1,5,2,1,6,6,1,10,10,10,10,10,10,10,10,10,10,10,10,10,10,10,10,10,10,10,10,10,40,work
511,French,2,2,2,0.881290899230693,0.970950594454669,1,1,1,27,15,12,Female,50,50,0,70,30,0,60,40,0,7,7,1,7,7,1,7,7,1,10,6,6,6,10,7,6,4,4,9,10,10,9,7,10,10,10,7,7,10,6.8,50,work
512,French,1,1,1,0.468995593589281,0.970950594454669,0.591672778582327,0.918295834054489,0.918295834054489,22,17,5,Male,35,65,0,10,90,0,40,60,0,7,2,1,7,4,1,4,7,1,10,10,10,10,10,10,10,10,10,10,10,10,10,10,10,10,10,10,10,10,10,65,student
513,French,1.5,1,2,1.18837637173451,1.36899559358928,1.22439444540599,1,1.44881563572518,23,20.5,2.5,Female,70,30,0,35,60,5,45,45,10,7,3,2,7,7,1,7,7,3,10,10,10,10,10,10,10,10,10,10,10,10,10,10,10,10,10,10,10,10,10,30,work
514,French,7,7,7,0.721928094887362,1.36096404744368,0.811278124459133,1,1.52623490994952,29,19,10,Female,70,20,10,80,20,0,50,10,40,7,3,1,7,7,1,7,5,4,4,6,7,6,7,4,3,4,4,4,10,10,10,10,10,10,10,10,10,10,4.9,20,work
516,French,6,5,7,0.881290899230693,0,1,0.954434002924965,0.991076059838222,26,13,13,Male,80,20,0,70,30,0,100,0,0,6,6,1,6,4,1,6,5,1,6,6,6,4,4,4,4,4,7,6,10,10,10,10,10,10,10,10,10,10,5.1,20,student
517,French,2,2,2,0.970950594454669,1.57095059445467,1,0.954434002924965,1,32,21,11,Male,60,40,0,60,40,0,30,40,30,5,5,1,4,6,1,5,5,1,9,9,9,9,10,7,9,7,7,9,10,10,10,10,10,10,10,10,10,10,8.5,40,work
518,French,5.5,4,7,0.468995593589281,0.721928094887362,0.811278124459133,0.591672778582327,0.918295834054489,21,10,11,Male,50,45,5,90,10,0,80,20,0,7,3,1,7,2,1,7,4,1,6,7,6,7,7,6,4,3,6,6,9,9,6,7,10,10,10,9,3,7,5.8,45,work
520,French,3,3,3,0,0,0.970950594454669,1,1,31,21,10,Female,50,50,0,100,0,0,100,0,0,7,5,1,7,7,1,7,7,1,7,7,9,9,9,7,7,7,6,7,10,10,10,10,10,10,10,10,10,10,7.5,50,work
521,French,1,1,1,0.999579745281114,1.12144054254182,0.918295834054489,1,1.31432048670618,19,10,9,Female,53,45,2,65,34,1,49,49,2,7,4,1,7,7,1,7,7,2,9,9,9,9,9,9,9,9,9,9,10,10,10,10,10,10,10,10,10,10,9,45,student
522,French,2.5,2,3,0.881290899230693,0.811278124459133,0.591672778582327,0.985228136034251,0.970950594454669,25,23,2,Female,80,20,0,70,30,0,75,25,0,7,2,1,5,4,1,7,5,1,10,7,7,9,9,10,10,7,9,9,10,10,10,9,10,10,9,10,9,10,8.7,20,student
586,French,3.5,3,4,1,1.16372245957724,0.918295834054489,0.591672778582327,1.31432048670618,20,14,6,Male,45,40,15,50,50,0,50,47,3,7,4,1,7,2,1,7,7,2,7,7,7,7,9,6,7,7,7,7,10,10,10,9,10,10,10,10,10,10,7.1,40,student
590,French,4.5,5,4,0.468995593589281,0,0,1,0.591672778582327,20,9,11,Female,70,30,0,90,10,0,100,0,0,7,1,1,4,4,1,7,2,1,6,7,6,4,6,4,4,4,4,4,10,10,10,10,10,10,10,10,10,10,4.9,30,student
593,English,1.5,1,2,0.468995593589281,1,0.811278124459133,0.591672778582327,0.863120568566631,21,19,2,Female,70,30,0,90,10,0,50,50,0,7,3,1,2,7,1,6,3,1,10,10,4,9,10,9,9,9,6,9,10,10,10,10,10,10,10,10,10,10,8.5,30,work
594,English,3,3,3,0,0,1.22439444540599,1,1.22439444540599,22,14,8,Female,80,15,5,100,0,0,100,0,0,7,2,3,6,6,1,7,3,2,7,7,7,7,9,6,7,7,7,7,10,10,10,10,10,10,10,10,10,10,7.1,15,student
600,English,4.5,4,5,0.286396957115956,0.286396957115956,0,0.650022421648354,0.650022421648354,21,16,5,Female,80,20,0,95,5,0,95,5,0,7,1,1,6,2,1,6,2,1,7,9,9,10,10,6,7,9,7,7,10,10,10,10,10,10,10,10,10,10,8.1,20,student
678,English,3.5,4,3,0.286396957115956,0.721928094887362,0,0.985228136034251,0.863120568566631,21,16,5,Male,85,15,0,95,5,0,80,20,0,7,1,1,5,4,1,6,3,1,7,7,6,7,7,6,7,6,6,7,10,10,10,10,10,10,10,10,10,10,6.6,15,student
679,English,2,2,2,0,1,1,0.591672778582327,0.994030211476957,20,15,5,Female,50,50,0,100,0,0,50,50,0,7,7,1,2,7,1,7,6,1,9,7,4,6,10,10,9,6,4,7,10,10,10,10,10,10,10,10,10,10,7.2,50,student
680,English,4,3,5,0.468995593589281,0.881290899230693,0.811278124459133,0.591672778582327,0.811278124459133,23,18,5,Female,65,35,0,90,10,0,70,30,0,7,3,1,7,2,1,7,3,1,9,10,7,9,10,9,9,7,7,9,10,10,10,10,10,10,10,10,10,10,8.6,35,student
681,English,5,4,6,0.468995593589281,0.811278124459133,0.918295834054489,0,0.918295834054489,22,17,5,Male,90,10,0,90,10,0,75,25,0,7,4,1,7,1,1,7,4,1,7,7,4,7,7,6,7,4,4,7,10,10,10,10,10,10,10,10,10,10,6,10,student
682,English,5.5,5,6,0.286396957115956,0.6098403047164,0,0.591672778582327,0.591672778582327,22,16,6,Female,95,5,0,95,5,0,85,15,0,7,1,1,7,2,1,7,2,1,7,9,9,10,9,9,9,7,10,9,10,10,10,10,10,10,10,10,10,10,8.8,5,work
685,English,4.5,2,7,0.0807931358959113,0.286396957115956,0.591672778582327,0.591672778582327,0.811278124459133,35,30,5,Male,85,15,0,99,1,0,95,5,0,7,2,1,7,2,1,7,3,1,7,4,4,4,9,6,6,6,4,6,10,10,10,10,10,6,10,10,6,9,5.6,15,work
686,English,1,1,1,1,1,0.994030211476957,0.918295834054489,1,24,23.5,0.5,Female,80,20,0,50,50,0,50,50,0,7,6,1,4,7,1,7,7,1,10,10,10,10,10,10,10,9,9,10,10,10,10,10,10,10,10,9,9,10,9.8,20,student
688,English,7,7,7,0.721928094887362,0.970950594454669,0,1,1,26,21,5,Female,60,40,0,80,20,0,60,40,0,7,1,1,6,6,1,6,6,1,7,10,7,7,9,3,7,7,7,7,10,10,10,10,10,10,10,10,10,10,7.1,40,student
689,English,5,5,5,0,0,0.591672778582327,0,0.811278124459133,21,18,3,Female,80,20,0,100,0,0,100,0,0,7,2,1,5,1,1,7,3,1,7,10,7,9,10,4,6,6,9,7,10,10,10,10,10,10,10,10,10,10,7.5,20,student
690,English,5.5,4,7,1.18837637173451,0.721928094887362,0.811278124459133,0.811278124459133,0.811278124459133,22,14,8,Female,80,20,0,60,35,5,80,20,0,7,3,1,7,3,1,7,3,1,10,10,10,10,10,7,10,10,10,10,10,10,10,10,10,10,10,10,10,10,9.7,20,student
692,English,2,2,2,1,1,1.29546184423832,0.970950594454669,1.31432048670618,22,15,7,Male,40,50,10,50,50,0,50,50,0,7,2,4,5,7,1,7,7,2,9,10,9,7,10,9,10,9,7,9,10,10,10,10,10,10,10,9,9,10,8.9,50,work
693,English,2,2,2,0.970950594454669,0.881290899230693,0.591672778582327,0.591672778582327,1,30,27,3,Female,65,35,0,40,60,0,30,70,0,2,7,1,7,2,1,7,7,1,9,9,7,7,10,10,9,7,7,9,10,10,10,10,10,10,10,9,10,10,8.4,35,student
694,English,3,1,5,0.6098403047164,0.402179190202273,0.591672778582327,0,0.918295834054489,30,23,7,Female,80,20,0,85,15,0,92,8,0,7,2,1,7,1,1,7,4,1,4,4,4,4,4,4,4,4,4,4,10,10,10,10,10,10,10,10,10,10,4,20,student
695,English,2.5,2,3,0.811278124459133,0.934068055375491,0.811278124459133,0.970950594454669,0.918295834054489,19,14,5,Female,75,25,0,75,25,0,65,35,0,7,3,1,7,5,1,7,4,1,9,9,10,7,9,9,9,9,9,9,10,10,10,10,10,10,10,10,10,10,8.9,25,student
696,English,4.5,3,6,0,0.468995593589281,0,0,0.811278124459133,35,32,3,Male,40,60,0,100,0,0,90,10,0,7,1,1,7,1,1,7,3,1,9,10,7,9,9,9,9,9,7,9,10,10,10,10,10,10,10,10,10,NA,8.7,60,student
697,English,7,7,7,0,0,0,0.918295834054489,0.970950594454669,21,11,10,Male,80,20,0,100,0,0,100,0,0,7,1,1,7,4,1,7,5,1,1,3,1,3,6,1,1,1,1,3,10,10,7,7,10,10,10,10,9,9,2.1,20,none
698,English,3.5,2,5,0.286396957115956,1.0762976257252,0.918295834054489,0.650022421648354,0.650022421648354,28,24,4,Male,85,15,0,95,5,0,70,25,5,5,3,1,6,2,1,6,2,1,7,7,6,7,7,9,7,6,7,7,10,10,10,10,10,10,10,10,10,10,7,15,student
699,English,2.5,3,2,0,0,1.06127812445913,1.58496250072116,1.44881563572518,19,14,5,Female,80,15,5,100,0,0,100,0,0,7,2,2,4,4,4,4,4,2,6,6,4,6,7,7,6,4,4,6,10,10,10,10,10,10,10,10,10,10,5.6,15,student
700,English,4,4,4,0.286396957115956,0,0.591672778582327,0.954434002924965,0.811278124459133,20,18,2,Female,90,10,0,95,5,0,100,0,0,7,2,1,6,4,1,7,3,1,4,6,6,4,7,4,4,4,3,4,10,10,10,7,10,10,10,10,10,10,4.6,10,student
701,English,3.5,6,1,0,0,0,0.650022421648354,0,21,16,5,Female,95,5,0,100,0,0,100,0,0,7,1,1,6,2,1,7,1,1,9,9,9,7,7,9,9,6,6,7,10,10,10,10,10,10,10,10,10,10,7.8,5,student
702,English,1.5,2,1,0,0.811278124459133,0.591672778582327,1,0.954434002924965,20,16,4,Female,75,25,0,100,0,0,75,25,0,7,2,1,4,4,1,6,4,1,7,4,4,7,7,7,7,7,4,7,10,10,10,10,10,10,10,10,10,10,6.1,25,student
704,English,2.5,2,3,0.286396957115956,0.468995593589281,0.591672778582327,0.863120568566631,0.985228136034251,21,14,7,Male,85,15,0,95,5,0,90,10,0,7,2,1,6,3,1,5,4,1,7,10,6,6,10,7,6,6,6,7,10,10,9,10,10,10,9,10,10,10,7.1,15,work
705,English,7,7,7,0.286396957115956,0.0807931358959113,0,0.970950594454669,0,20,15,5,Female,90,10,0,95,5,0,99,1,0,7,1,1,7,5,1,7,1,1,7,7,7,3,7,4,4,4,4,6,10,10,10,10,10,10,10,9,9,9,5.3,10,student
706,English,2.5,2,3,0,0.881290899230693,0,0.918295834054489,0.650022421648354,20,19,1,Female,90,10,0,100,0,0,70,30,0,7,1,1,5,3,1,6,2,1,7,9,9,7,7,9,7,6,9,7,10,10,10,10,10,10,10,9,10,10,7.7,10,student
707,English,1,1,1,1,1,0.863120568566631,0.591672778582327,0.954434002924965,23,21,2,Female,50,50,0,50,50,0,50,50,0,6,3,1,2,7,1,4,6,1,10,10,10,10,10,10,9,9,9,9,10,10,9,10,10,10,10,9,9,10,9.6,50,work
708,English,2,2,2,0,0.721928094887362,0,0.985228136034251,0.591672778582327,21,16,5,Female,90,10,0,100,0,0,80,20,0,7,1,1,5,4,1,7,2,1,6,7,4,6,10,10,6,4,4,7,10,10,10,10,10,10,10,10,10,10,6.4,10,work
709,English,3.5,3,4,0.286396957115956,0.811278124459133,0.591672778582327,0,0.811278124459133,22,19,3,Male,85,15,0,95,5,0,75,25,0,7,2,1,7,1,1,7,3,1,7,7,7,7,9,7,7,7,6,7,10,10,10,10,10,10,10,10,10,10,7.1,15,student
710,French,3,3,3,1,0.721928094887362,0.591672778582327,0.954434002924965,0.994030211476957,20,12,8,Female,60,40,0,50,50,0,80,20,0,7,2,1,4,6,1,7,6,1,9,7,6,7,9,7,7,6,6,7,10,10,9,9,10,10,10,9,9,10,7.1,40,student
712,French,2.5,3,2,1,0.881290899230693,0.591672778582327,0.970950594454669,1,21,12,9,Male,50,45,5,50,50,0,70,30,0,7,2,1,7,5,1,6,6,1,7,9,6,6,9,7,7,7,7,7,10,10,10,10,10,10,10,10,10,10,7.2,45,student
713,French,2,2,2,0,0,0,0.650022421648354,0.591672778582327,32,23,9,Female,70,30,0,100,0,0,100,0,0,7,1,1,6,2,1,7,2,1,7,9,6,7,7,7,7,7,7,NA,10,10,10,10,10,10,10,10,10,10,7.111111111111111,30,work
720,French,1,1,1,0.881290899230693,0.970950594454669,0.591672778582327,1,0.811278124459133,22,18,4,Female,40,60,0,30,70,0,40,60,0,7,2,1,7,7,1,3,7,1,10,10,10,10,10,10,10,10,10,10,10,10,7,6,10,10,7,7,6,9,10,60,student
722,French,5.5,6,5,0.811278124459133,1,0,0,0.985228136034251,20,13,7,Male,50,50,0,25,75,0,50,50,0,7,1,1,7,1,1,4,5,1,4,9,9,7,9,3,6,6,9,6,10,10,10,10,10,9,10,7,3,10,6.8,50,student
723,French,7,7,7,0.468995593589281,0.468995593589281,0,0,0.811278124459133,22,12,10,Male,90,10,0,10,90,0,90,10,0,7,1,1,7,1,1,7,3,1,7,7,4,7,10,3,6,6,7,7,NA,NA,NA,NA,NA,NA,NA,NA,NA,NA,6.4,10,student
725,French,1.5,2,1,1,0,0.591672778582327,0.591672778582327,0.985228136034251,20,15,5,Male,65,35,0,50,50,0,100,0,0,7,2,1,2,7,1,4,5,1,9,9,7,7,10,9,9,6,7,7,10,10,10,10,10,10,10,10,10,10,8,35,work
726,French,1.5,1,2,1,1,0.811278124459133,0.650022421648354,0.970950594454669,19,18,1,Male,30,70,0,50,50,0,50,50,0,3,7,1,2,6,1,5,7,1,10,10,10,10,10,10,10,10,10,10,9,9,9,10,10,9,7,7,7,9,10,70,work
727,French,2,2,2,1,0.811278124459133,0.918295834054489,0.918295834054489,0.954434002924965,21,17,4,Female,60,40,0,50,50,0,75,25,0,7,4,1,4,7,1,6,4,1,7,10,10,9,9,7,7,7,9,7,10,10,10,10,10,10,10,10,10,10,8.2,40,student
730,French,1,1,1,0.286396957115956,0.881290899230693,0.591672778582327,0.591672778582327,0.954434002924965,19,16,3,Male,15,85,0,5,95,0,30,70,0,2,7,1,7,2,1,4,6,1,10,10,10,10,10,10,10,10,10,10,9,7,6,10,10,9,9,7,7,9,10,85,student
731,French,4.5,4,5,0.468995593589281,1,0,0.918295834054489,0.970950594454669,20,13,7,Female,75,25,0,10,90,0,50,50,0,7,1,1,7,4,1,7,5,1,4,9,6,4,9,6,4,3,4,4,10,10,10,7,10,10,10,10,10,10,5.3,25,student
732,French,5.5,5,6,0.881290899230693,0,0.863120568566631,0.591672778582327,1,22,10,12,Female,30,70,0,70,30,0,100,0,0,3,6,1,2,7,1,5,5,1,6,7,6,7,9,4,4,6,6,6,10,10,10,9,10,10,10,10,10,10,6.1,70,student
733,French,3,3,3,0.721928094887362,0.286396957115956,0.591672778582327,0.918295834054489,0.811278124459133,19,9,10,Female,80,20,0,80,20,0,95,5,0,7,2,1,7,4,1,7,3,1,7,7,7,9,7,7,9,7,7,7,10,10,10,10,10,10,10,10,10,10,7.4,20,student
734,French,4.5,5,4,0.970950594454669,1.15677964944704,1.22439444540599,0.985228136034251,1.40563906222957,21,7,14,Male,40,40,20,60,40,0,70,20,10,7,2,3,5,4,1,5,4,2,7,7,7,7,10,6,6,9,7,7,10,10,10,10,10,10,10,10,9,10,7.3,40,work
735,French,2,2,2,0.970950594454669,0.881290899230693,0,0.918295834054489,0.811278124459133,19,14,5,Female,45,55,0,60,40,0,70,30,0,7,1,1,4,7,1,3,7,1,10,10,10,10,10,10,10,10,10,10,10,10,10,10,10,10,10,10,10,10,10,55,work
736,French,5,4,6,0.286396957115956,0.141440542541821,0,0,0.650022421648354,20,7,13,Female,65,35,0,95,5,0,98,2,0,7,1,1,1,6,1,6,2,1,6,7,6,4,7,4,3,3,6,4,10,10,10,10,10,10,10,10,10,10,5,35,student
737,French,1,1,1,1,1,0,0.918295834054489,0.811278124459133,23,21.5,1.5,Female,30,70,0,50,50,0,50,50,0,7,1,1,4,7,1,3,7,1,10,10,10,10,10,10,10,10,10,10,10,10,10,10,10,10,10,9,10,10,10,70,student
821,English,1,1,1,1.15677964944704,1,1.45914791702724,0.994030211476957,1.48335575498169,23,19,4,Female,50,25,25,70,20,10,50,50,0,7,5,3,7,6,1,6,6,3,10,10,10,10,10,10,10,10,10,10,10,10,10,10,10,10,10,10,10,10,10,25,student
824,English,5,4,6,0,0.141440542541821,0,0.650022421648354,0.811278124459133,21,16,5,Female,98,2,0,100,0,0,98,2,0,7,1,1,6,2,1,7,3,1,6,6,4,4,9,6,4,4,3,6,10,10,10,10,10,10,10,10,9,10,5.2,2,student
826,English,6,5,7,0.515895152948209,1.08550937730105,0.591672778582327,0.811278124459133,1.29546184423832,23,22,1,Male,80,20,0,90,9,1,60,38,2,7,2,1,7,3,1,7,4,2,7,6,6,6,6,7,6,6,6,6,10,10,10,10,10,10,10,10,10,10,6.2,20,work/student
828,English,5,4,6,0.0807931358959113,0,0,0,0,20,15,5,Female,97,3,0,99,1,0,100,0,0,7,1,1,7,1,1,7,1,1,4,7,6,7,10,6,4,4,4,4,10,10,10,10,10,10,10,10,10,10,5.6,3,student
829,English,7,7,7,0,0,0.591672778582327,0.591672778582327,1.06127812445913,28,2,26,Female,75,15,10,100,0,0,100,0,0,7,1,2,7,2,1,7,2,2,1,1,1,3,3,1,1,1,1,1,10,10,10,10,10,10,10,10,10,10,1.4,15,work
832,English,1,1,1,1,0.721928094887362,1,1,0.918295834054489,28,27,1,Female,50,50,0,50,50,0,80,20,0,7,7,1,7,7,1,7,4,1,10,10,7,7,10,10,10,10,7,10,10,10,10,10,10,10,10,10,10,10,9.1,50,work
833,English,4.5,4,5,0.322493361860324,0.921928094887362,0.591672778582327,0.591672778582327,0.918295834054489,22,4,18,Female,60,30,10,95,4,1,80,10,10,7,2,1,7,2,1,7,4,1,6,7,6,6,4,6,4,4,6,6,10,10,10,10,10,10,10,10,10,10,5.5,30,student
834,English,5.5,5,6,0.286396957115956,0,1.2987949406954,0,0.650022421648354,19,8,11,Male,90,8,2,95,5,0,100,0,0,6,2,3,7,1,1,6,2,1,4,6,4,6,4,6,NA,6,4,6,10,10,10,10,10,10,10,10,10,10,5.111111111111111,8,student
835,English,1.5,2,1,0.721928094887362,1,0.811278124459133,0,0.970950594454669,21,21,0,Female,75,25,0,80,20,0,50,50,0,7,3,1,7,1,1,7,5,1,7,9,4,7,10,10,10,7,7,10,10,10,10,10,10,10,10,10,10,10,8.1,25,student
836,English,1,1,1,0.881290899230693,1,0.970950594454669,0,1.22439444540599,23,22,1,Female,68,30,2,70,30,0,50,50,0,5,7,1,1,7,1,3,7,2,10,10,7,6,10,10,9,6,7,10,10,10,10,7,10,10,9,9,10,10,8.5,30,student
837,English,4.5,4,5,0.286396957115956,0.934068055375491,1,1.06127812445913,0.591672778582327,19,4,15,Female,90,3,7,95,0,5,65,0,35,7,1,7,7,2,2,7,1,2,4,4,3,4,4,4,4,4,3,4,10,10,10,10,10,10,10,10,10,10,3.8,3,work
838,English,6,6,6,0.468995593589281,0.721928094887362,0.591672778582327,0.811278124459133,0.811278124459133,21,18,3,Female,90,10,0,90,10,0,80,20,0,7,2,1,7,3,1,7,3,1,7,7,6,7,9,4,4,4,4,6,10,10,10,10,10,10,10,10,10,10,5.8,10,work/student
839,English,5.5,5,6,0,0.141440542541821,0,0.591672778582327,0.811278124459133,22,15,7,Female,95,5,0,100,0,0,98,2,0,7,1,1,7,2,1,7,3,1,1,3,1,1,1,3,1,1,1,3,10,10,10,10,10,10,10,10,10,10,1.6,5,student
840,English,7,7,7,0,0,0,0,0.591672778582327,28,22,6,Female,95,5,0,100,0,0,100,0,0,7,1,1,7,1,1,7,2,1,1,3,1,1,1,1,1,3,1,1,10,10,10,10,10,10,10,10,10,10,1.4,5,student
841,English,3.5,4,3,0.721928094887362,0.881290899230693,0.970950594454669,0.811278124459133,0.994030211476957,22,20.5,1.5,Female,80,20,0,80,20,0,70,30,0,7,5,1,7,3,1,7,6,1,7,10,7,7,10,7,7,7,6,7,10,10,10,10,10,10,10,10,10,10,7.5,20,student
842,English,2.5,3,2,0.884183719779189,1.18837637173451,0.591672778582327,1.06127812445913,1.36096404744368,22,12,10,Female,80,15,5,80,15,5,60,35,5,7,2,1,7,2,2,6,5,2,10,9,9,10,10,9,10,9,10,10,10,10,10,10,10,10,10,10,10,10,9.6,15,student
844,English,3,2,4,0.286396957115956,0,0,0,1.22439444540599,22,10,12,Female,92,7,1,95,5,0,100,0,0,7,1,1,7,1,1,7,3,2,7,7,6,6,7,7,7,6,6,7,10,10,10,10,10,10,10,10,10,10,6.6,7,student
845,English,5,3,7,0.468995593589281,0.468995593589281,0,0,0.591672778582327,21,15,6,Female,85,15,0,90,10,0,90,10,0,7,1,1,7,1,1,7,2,1,4,6,3,6,6,6,4,4,3,4,10,10,10,10,10,10,10,9,10,10,4.6,15,student
846,English,5.5,5,6,0.884183719779189,0.921928094887362,1.32501121082418,1.22439444540599,1.5,21,16,5,Female,60,15,25,80,15,5,80,10,10,7,2,6,7,3,2,7,4,4,4,9,7,6,6,4,6,6,6,6,10,10,10,9,10,10,10,10,10,10,6,15,student
847,English,2.5,3,2,0.286396957115956,0,0,0.721928094887362,0.650022421648354,22,17.5,4.5,Female,95,5,0,95,5,0,100,0,0,7,1,1,5,2,1,6,2,1,9,6,4,6,9,9,9,6,4,9,10,10,10,10,10,10,10,9,10,10,7.1,5,student
848,English,6,5,7,0,0.881290899230693,0.918295834054489,0,0.811278124459133,23,10,13,Female,80,20,0,100,0,0,70,0,30,7,1,4,7,1,1,7,3,1,4,4,4,3,4,4,4,4,4,4,10,10,10,10,10,10,10,10,10,10,3.9,20,student
850,English,6,6,6,0,0,0,0,1.06127812445913,21,8,13,Male,95,5,0,100,0,0,100,0,0,7,1,1,7,1,1,7,2,2,3,3,3,3,3,3,3,3,3,3,10,10,10,10,10,10,10,10,10,10,3,5,student
851,English,4,1,7,0,0,0.591672778582327,0,0.591672778582327,23,19,4,Female,85,10,5,100,0,0,100,0,0,7,1,2,7,1,1,7,2,1,1,1,1,1,1,1,1,1,1,1,10,10,10,10,10,10,10,10,10,10,1,10,work
852,English,1.5,1,2,0.286396957115956,0.47853391043627,1.52623490994952,0.994030211476957,0.994030211476957,21,18,3,Female,65,28,7,95,5,0,92,5,3,7,5,4,7,6,1,7,6,1,10,10,10,10,10,10,10,10,10,10,10,10,10,10,10,10,10,10,10,10,10,28,student
853,English,7,7,7,0,0.0807931358959113,0,0,0.591672778582327,24,17,7,Female,98,2,0,100,0,0,99,1,0,7,1,1,7,1,1,7,2,1,1,3,1,3,1,1,1,3,1,1,10,10,10,10,10,10,10,10,10,10,1.6,2,work/student
854,English,4,4,4,0.6098403047164,0.286396957115956,0.650022421648354,0.721928094887362,0.591672778582327,23,21,2,Male,90,10,0,85,15,0,95,5,0,6,2,1,2,5,1,7,2,1,7,7,10,6,9,7,9,7,10,9,9,10,10,9,10,10,10,9,10,10,8.1,10,student
855,English,5.5,5,6,0.286396957115956,0,0,0.918295834054489,0.591672778582327,21,18,3,Female,90,10,0,95,5,0,100,0,0,7,1,1,5,3,1,7,2,1,4,6,3,3,7,6,3,3,3,4,10,10,10,10,10,10,10,10,10,10,4.2,10,student
856,English,1,1,1,0,0,0.591672778582327,1,0.970950594454669,33,28,5,Female,50,50,0,100,0,0,100,0,0,7,2,1,7,7,1,7,5,1,10,9,10,10,10,10,10,10,10,10,10,10,10,10,10,10,10,10,10,10,9.9,50,work
857,English,5,5,5,0,0,0,0.994030211476957,0,25,19,6,Male,90,10,0,100,0,0,100,0,0,7,1,1,7,6,1,7,1,1,7,7,7,7,9,4,4,7,7,7,10,10,10,10,10,10,10,10,10,10,6.6,10,work
858,English,5.5,4,7,0,0.721928094887362,1,0.985228136034251,1,21,2,19,Female,55,35,10,100,0,0,80,20,0,7,1,7,5,4,1,5,5,1,3,4,4,4,4,3,3,3,3,4,10,10,10,10,10,10,10,10,10,10,3.5,35,student
859,English,5,4,6,0,0,0.811278124459133,0.591672778582327,0.811278124459133,22,10,12,Male,80,18,2,100,0,0,100,0,0,7,1,3,7,2,1,7,3,1,7,7,6,9,7,4,7,6,6,7,10,10,7,10,10,10,10,9,10,10,6.6,18,student
860,English,3,3,3,0.721928094887362,0.970950594454669,0.991076059838222,0.721928094887362,1.32217934551667,25,20,5,Female,60,10,30,80,0,20,60,0,40,6,1,5,5,2,1,7,2,5,7,7,3,7,9,7,7,6,3,7,10,10,10,10,10,10,10,10,9,10,6.3,10,work
862,English,7,7,7,0.0807931358959113,0.0807931358959113,0,0.954434002924965,0.591672778582327,24,1,23,Male,40,60,0,99,1,0,99,1,0,7,1,1,4,6,1,7,2,1,1,1,1,1,1,1,1,1,1,1,10,10,10,10,10,10,10,10,10,10,1,60,work
864,English,7,7,7,0.934068055375491,0.721928094887362,0,0.591672778582327,0.591672778582327,23,2,21,Female,95,5,0,65,0,35,80,0,20,7,1,1,7,2,1,7,2,1,1,1,1,1,1,1,1,1,1,1,10,10,10,10,10,10,10,10,10,10,1,5,work
865,English,5.5,5,6,0.468995593589281,0.970950594454669,0.591672778582327,0,0.918295834054489,26,17,9,Female,80,20,0,90,10,0,60,40,0,7,2,1,7,1,1,7,4,1,7,7,6,3,6,6,7,6,7,7,10,10,10,7,10,9,10,10,10,10,6.2,20,student
868,French,4,4,4,0.811278124459133,1.0762976257252,0.918295834054489,1,1.31432048670618,23,14,9,Female,75,20,5,75,25,0,70,25,5,7,4,1,7,7,1,7,7,2,7,9,7,7,9,6,7,7,7,7,10,10,10,10,10,10,10,10,10,10,7.3,20,student
869,French,5.5,6,5,0.881290899230693,0.721928094887362,0.918295834054489,0.591672778582327,0.985228136034251,23,16,7,Female,30,70,0,70,30,0,80,20,0,5,3,1,2,7,1,5,4,1,7,9,7,7,9,6,7,7,6,9,10,10,10,9,10,10,10,10,9,10,7.4,70,student
870,French,5,4,6,0.721928094887362,0.747584679824574,0.811278124459133,0.811278124459133,1.32217934551667,22,13,9,Female,55,40,5,80,20,0,85,10,5,7,1,3,7,3,1,7,5,2,7,7,6,7,7,6,6,7,9,7,10,10,10,10,10,10,10,10,9,10,6.9,40,student
872,French,3.5,4,3,1,0.881290899230693,0.650022421648354,0.918295834054489,1,19,9,10,Female,60,40,0,50,50,0,30,70,0,6,2,1,5,3,1,5,5,1,7,7,7,7,7,6,6,6,6,7,9,9,9,9,9,9,9,9,9,9,6.6,40,student
874,French,1,1,1,0.468995593589281,0.541188403078018,1.58496250072116,0.918295834054489,1.32217934551667,21,14,7,Female,35,60,5,10,90,0,8,90,2,7,7,7,4,7,1,5,7,2,10,10,10,10,10,10,10,10,10,10,10,10,9,9,10,10,10,9,10,9,10,60,student
875,French,4.5,3,6,0.992774453987808,1,0.591672778582327,0.591672778582327,0.918295834054489,23,15,8,Female,97,3,0,55,45,0,50,50,0,7,2,1,7,2,1,7,4,1,6,4,6,6,4,4,6,4,6,6,10,9,10,10,10,10,10,9,10,10,5.2,3,student
879,French,1,1,1,1.51288762151816,1.08550937730105,0.970950594454669,1.06127812445913,1,20,16,4,Male,40,55,5,35,45,20,60,38,2,7,5,1,2,7,2,7,7,1,10,10,10,10,10,10,10,10,10,10,10,10,10,10,10,10,10,10,10,10,10,55,student
881,French,5.5,5,6,0.721928094887362,0.970950594454669,0.811278124459133,0.591672778582327,0.811278124459133,20,9,11,Female,20,80,0,80,20,0,60,40,0,3,7,1,2,7,1,3,7,1,7,9,7,9,9,7,7,7,7,7,10,10,10,10,10,10,10,10,10,10,7.6,80,none
882,French,5,5,5,0.881290899230693,1,0,1,0.918295834054489,24,9,15,Male,60,40,0,70,30,0,50,50,0,7,1,1,4,4,1,5,3,1,7,7,6,7,7,4,6,6,6,6,10,10,9,10,10,10,10,7,9,7,6.2,40,work
883,French,2,2,2,0.468995593589281,1,0.591672778582327,0.591672778582327,1,34,34,0,Male,60,40,0,10,90,0,50,50,0,7,2,1,7,2,1,7,7,1,10,10,10,10,10,9,10,10,10,10,10,10,10,10,10,10,10,10,10,10,9.9,40,work
884,French,5,4,6,0,0.468995593589281,0.591672778582327,0.863120568566631,0.863120568566631,22,12,10,Female,90,10,0,100,0,0,90,10,0,7,2,1,6,3,1,6,3,1,7,6,6,6,9,6,7,6,4,7,10,10,10,9,10,10,10,10,9,10,6.4,10,student
885,French,3,3,3,0.881290899230693,0.970950594454669,0.591672778582327,0.591672778582327,0.591672778582327,20,12,8,Male,20,80,0,30,70,0,40,60,0,2,7,1,2,7,1,2,7,1,7,7,9,7,9,7,7,7,7,7,10,10,10,10,10,10,10,10,10,10,7.4,80,student
886,French,6,6,6,0.811278124459133,0,0.591672778582327,0,0.811278124459133,24,14,10,Female,83,15,2,25,75,0,100,0,0,7,2,1,7,1,1,7,3,1,4,7,4,6,7,7,6,4,4,6,10,10,9,10,10,10,10,7,9,10,5.5,15,student
887,French,6,5,7,1,0.468995593589281,0,0.591672778582327,0.863120568566631,26,14,12,Male,35,65,0,50,50,0,90,10,0,7,1,1,2,7,1,3,6,1,7,10,7,7,7,6,7,7,7,7,10,10,10,10,10,10,10,10,10,10,7.2,65,student
889,French,4.5,4,5,0.721928094887362,0.468995593589281,0,0.591672778582327,0.918295834054489,19,11,8,Female,80,20,0,80,20,0,90,10,0,7,1,1,7,2,1,7,4,1,9,7,7,4,7,6,7,4,6,7,10,10,10,6,10,10,10,10,10,10,6.4,20,student
891,French,4,3,5,0.721928094887362,1,0.918295834054489,0.591672778582327,1.34858789601242,25,19,6,Male,70,30,0,80,20,0,50,50,0,7,4,1,7,2,1,6,6,2,10,9,9,10,10,10,10,10,9,10,10,9,9,10,10,10,10,10,7,10,9.7,30,work
892,French,2,2,2,0.881290899230693,1.07072027127091,0.811278124459133,0.970950594454669,1,34,29,5,Female,65,35,0,70,30,0,50,49,1,7,3,1,7,5,1,5,5,1,7,9,7,6,7,7,7,7,9,7,10,10,10,10,10,10,10,10,10,10,7.3,35,work
893,French,2,2,2,1.15677964944704,1.15677964944704,1.45914791702724,0.811278124459133,1.46048468131311,29,20,9,Female,50,20,30,70,20,10,70,20,10,7,3,5,7,3,1,7,6,3,7,6,7,7,7,9,7,6,6,7,10,10,10,10,10,10,10,10,10,10,6.9,20,student
894,French,7,7,7,0.992774453987808,0.721928094887362,0.591672778582327,0.811278124459133,0.811278124459133,23,20,3,Male,60,40,0,55,45,0,80,20,0,7,2,1,7,3,1,7,3,1,6,7,7,7,9,6,7,7,9,7,10,10,10,10,10,10,10,10,10,10,7.2,40,student
895,French,5,6,4,0.881290899230693,0.881290899230693,0.591672778582327,0.591672778582327,0.811278124459133,25,15,10,Male,80,20,0,70,30,0,70,30,0,7,2,1,7,2,1,7,3,1,4,4,4,6,4,4,4,4,3,4,10,10,10,10,10,10,10,10,10,10,4.1,20,work
896,French,4.5,4,5,0,1.37095059445467,0.811278124459133,0.591672778582327,1.37095059445467,19,12,7,Female,60,20,20,100,0,0,60,20,20,7,1,3,7,1,2,7,3,3,4,4,4,4,7,4,4,4,4,4,7,10,10,9,10,7,7,9,10,9,4.3,20,student
897,French,6.5,7,6,0.881290899230693,0.934068055375491,0.918295834054489,0.591672778582327,0.970950594454669,21,13,8,Female,70,30,0,70,30,0,65,35,0,7,4,1,7,2,1,7,5,1,7,9,9,9,9,7,7,9,7,7,10,10,10,10,10,10,10,10,10,10,8,30,student
898,French,4.5,5,4,1.36096404744368,1.37095059445467,0.591672778582327,1.48335575498169,1.54858060652285,20,4,16,Female,15,70,15,40,50,10,60,20,20,7,2,1,6,6,3,6,6,4,7,7,6,9,9,6,7,6,6,7,10,10,10,10,10,10,10,10,10,10,7,70,student
900,French,3,4,2,0.141440542541821,0.322493361860324,0,1.36096404744368,0.591672778582327,33,23,10,Female,80,19,1,98,2,0,95,4,1,7,1,1,6,5,2,7,2,1,7,9,7,7,7,7,6,6,7,7,10,10,10,10,10,10,10,10,10,10,7,19,work
901,French,1,1,1,1,1.52192809488736,0,0.918295834054489,1.39214722366453,19,15,4,Female,45,50,5,50,50,0,40,40,20,7,1,1,4,7,1,5,5,2,10,10,10,10,10,10,10,10,10,10,10,10,10,10,10,10,10,10,10,10,10,50,work/student
903,French,5.5,5,6,0.779207486310554,1.03841496705334,0.811278124459133,1.35164411515339,1.34858789601242,19,18,1,Female,30,45,25,19,80,1,60,39,1,7,3,1,4,6,2,6,6,2,6,7,6,7,9,6,7,7,7,7,10,10,10,10,10,10,10,10,10,10,6.9,45,student
905,French,5.5,5,6,0.468995593589281,1,0,0.863120568566631,1,19,8,11,Female,60,40,0,90,10,0,50,50,0,7,1,1,3,6,1,4,4,1,7,9,9,6,9,7,9,7,7,7,10,10,10,9,10,10,10,10,10,10,7.7,40,student
907,French,4,2,6,0,0.811278124459133,0.591672778582327,0,0.970950594454669,20,9,11,Male,25,75,0,100,0,0,75,25,0,7,2,1,1,7,1,7,5,1,10,10,10,10,10,10,10,9,9,10,10,10,10,10,10,10,10,10,10,10,9.8,75,student
908,French,2,2,2,0.881290899230693,0.721928094887362,0.918295834054489,0.970950594454669,0.994030211476957,22,21,1,Female,50,50,0,30,70,0,80,20,0,7,4,1,7,5,1,7,6,1,7,7,6,7,9,7,7,7,7,7,10,10,10,10,10,10,10,10,10,10,7.1,50,student
909,French,1.5,1,2,0.970950594454669,0.970950594454669,0.591672778582327,0,1,20,13,7,Female,25,75,0,40,60,0,40,60,0,7,2,1,1,7,1,7,7,1,10,10,10,6,10,10,10,10,10,10,7,10,10,6,10,10,10,10,10,10,9.6,75,student
910,French,4.5,5,4,0.881290899230693,0,0,0.970950594454669,1,23,14,9,Female,60,40,0,70,30,0,100,0,0,7,1,1,7,5,1,7,7,1,6,7,6,7,7,7,4,6,4,6,10,10,10,10,10,10,10,10,10,10,6,40,student
911,French,3.5,3,4,0.970950594454669,0.991760148180973,0,0.591672778582327,0.954434002924965,21,12,9,Female,20,75,5,60,40,0,75,20,5,7,1,1,2,7,1,4,6,1,9,10,9,7,10,7,9,9,10,9,10,10,10,10,10,10,10,10,10,10,8.9,75,student
912,French,1.5,1,2,0.468995593589281,1,1,0,1,21,19,2,Female,40,40,20,10,90,0,50,50,0,7,7,1,7,1,1,7,7,1,10,10,10,10,10,10,10,10,10,10,10,10,10,10,10,10,10,10,10,10,10,40,work/student
913,French,2,2,2,0.970950594454669,0.992774453987808,0.994030211476957,0.970950594454669,0.994030211476957,22,19,3,Female,50,50,0,60,40,0,45,55,0,7,6,1,5,7,1,6,7,1,9,9,7,9,9,9,9,9,9,9,10,10,10,10,10,10,10,10,9,10,8.8,50,student
914,French,5.5,5,6,0.970950594454669,0.881290899230693,0.591672778582327,1,0.970950594454669,20,12,8,Female,50,50,0,60,40,0,70,30,0,7,2,1,7,7,1,7,5,1,7,9,7,7,9,6,6,9,6,7,10,10,10,10,10,10,10,10,10,10,7.3,50,student
922,English,1,1,1,0.286396957115956,0.286396957115956,0,0.918295834054489,0.811278124459133,21,21,0,Female,30,70,0,5,95,0,5,95,0,1,7,1,4,7,1,3,7,1,10,10,10,9,10,10,10,10,10,10,7,6,4,3,9,6,4,4,3,7,9.9,70,student
924,English,5,6,4,0.141440542541821,0.0807931358959113,0,0.994030211476957,0.591672778582327,19,17,2,Female,90,10,0,98,2,0,99,1,0,7,1,1,7,6,1,7,2,1,6,7,7,7,7,6,6,6,6,7,10,10,10,10,10,10,10,10,10,10,6.5,10,student
925,English,1,1,1,0,1,1.46048468131311,0.970950594454669,1,20,17,3,Female,48,48,4,100,0,0,50,50,0,7,6,3,5,7,1,7,7,1,9,7,4,7,7,9,9,7,7,9,10,10,10,10,10,10,10,10,10,10,7.5,48,student
926,English,4.5,4,5,0.468995593589281,0,0,0.994030211476957,0.970950594454669,22,18.5,3.5,Female,50,40,10,90,10,0,100,0,0,7,1,1,7,6,1,7,5,1,7,9,7,9,9,7,7,7,7,7,10,10,10,10,10,10,10,10,10,10,7.6,40,work
927,English,3,3,3,0,1.15677964944704,1.06127812445913,0.918295834054489,1.29546184423832,27,22,5,Male,75,20,5,100,0,0,70,20,10,7,2,2,7,4,1,7,4,2,6,6,6,6,9,6,7,4,9,7,10,10,10,10,10,10,10,10,10,10,6.6,20,work
928,English,4.5,5,4,0.881290899230693,0.881290899230693,0.811278124459133,0.970950594454669,0.918295834054489,35,27,8,Female,70,30,0,70,30,0,70,30,0,7,3,1,7,5,1,7,4,1,4,7,4,6,6,4,6,6,4,6,10,10,10,10,10,10,10,10,10,10,5.3,30,work
929,English,3.5,3,4,1.01231427904194,1.51288762151816,1.31432048670618,0.994030211476957,1.44881563572518,24,20,4,Female,60,37,3,68,30,2,45,35,20,7,7,2,7,6,1,7,7,3,7,7,7,7,9,7,7,6,6,7,10,10,10,10,10,10,10,10,10,10,7,37,work
930,English,3,2,4,0.286396957115956,0,0.918295834054489,0.918295834054489,0.918295834054489,24,19,5,Female,80,20,0,95,5,0,100,0,0,7,4,1,4,7,1,7,4,1,7,7,4,6,7,6,6,4,3,7,10,10,10,10,10,10,10,10,10,10,5.7,20,work
931,English,1,1,1,0.721928094887362,0.811278124459133,0.591672778582327,0.591672778582327,0.970950594454669,22,22,0,Female,60,40,0,80,20,0,75,25,0,7,2,1,7,2,1,7,5,1,10,10,7,9,10,10,9,7,9,9,10,10,9,10,10,10,10,9,9,9,9,40,student
933,English,1,1,1,0,0.468995593589281,0,0.994030211476957,0.918295834054489,20,16.5,3.5,Male,85,15,0,100,0,0,90,10,0,7,1,1,7,6,1,7,4,1,7,7,4,7,7,6,7,6,4,7,10,10,10,10,10,10,10,10,10,10,6.2,15,work
936,English,6,5,7,0,0.881290899230693,0,0.863120568566631,0.811278124459133,21,16,5,Female,75,25,0,100,0,0,70,30,0,7,1,1,6,3,1,7,3,1,6,9,7,6,9,6,6,4,4,7,10,10,10,10,10,10,10,10,10,10,6.4,25,none
937,English,6.5,6,7,0,0,0,0.811278124459133,0.591672778582327,20,14.5,5.5,Male,85,15,0,100,0,0,100,0,0,7,1,1,7,3,1,7,2,1,4,9,7,7,9,4,4,3,4,4,10,10,10,10,10,10,10,10,10,10,5.5,15,student
938,English,1,1,1,0.721928094887362,0.721928094887362,0,0.991076059838222,0.811278124459133,30,22.5,7.5,Female,60,40,0,80,20,0,80,20,0,7,1,1,6,5,1,7,3,1,6,6,6,6,6,6,6,6,6,6,10,10,10,10,10,10,10,10,10,10,6,40,student
939,English,2,2,2,0.992774453987808,0.970950594454669,0.863120568566631,0.721928094887362,0.954434002924965,20,20,0,Male,70,30,0,55,45,0,60,40,0,6,3,1,5,2,1,6,4,1,10,10,9,7,10,10,10,9,7,9,10,10,10,9,10,9,10,10,10,10,9.1,30,student
940,English,2.5,3,2,0.6098403047164,0.811278124459133,0.591672778582327,0.994030211476957,1,26,17,9,Male,50,50,0,85,15,0,75,25,0,7,2,1,6,7,1,7,7,1,7,4,4,6,7,6,6,6,4,6,10,10,10,10,10,10,10,10,10,10,5.6,50,work
942,English,6.5,6,7,0.141440542541821,0,0,0,0,27,15.5,11.5,Female,95,5,0,98,2,0,100,0,0,7,1,1,7,1,1,7,1,1,4,6,4,4,4,4,3,4,6,4,10,10,10,10,10,10,10,10,10,10,4.3,5,student
944,English,3.5,4,3,1,1,1.29546184423832,1,1.52192809488736,23,14,9,Male,40,50,10,50,50,0,50,50,0,7,4,2,7,7,1,7,7,4,9,9,9,9,9,9,9,7,7,10,10,10,10,10,10,10,10,10,10,10,8.7,50,work
945,English,4.5,3,6,0,0,0,0,0,23,17,6,Female,90,10,0,100,0,0,100,0,0,7,1,1,7,1,1,7,1,1,3,6,6,3,9,9,3,4,6,6,10,10,10,10,10,10,10,10,9,10,5.5,10,work
946,English,4.5,4,5,1.36096404744368,1.48547529722733,1.36096404744368,1.57262366389516,1.49491884823395,20,16.5,3.5,Female,55,40,5,50,40,10,50,30,20,5,6,2,5,5,4,6,5,3,7,10,10,9,10,7,9,9,10,9,10,10,10,9,10,10,10,9,9,10,9,40,student
947,English,6.5,7,6,0.468995593589281,0.934068055375491,0.591672778582327,0.994030211476957,0.970950594454669,27,22,5,Female,70,30,0,90,10,0,65,35,0,7,2,1,7,6,1,7,5,1,7,9,4,4,10,4,7,7,6,7,10,10,10,10,10,10,10,10,10,10,6.5,30,student
949,French,2.5,2,3,0.721928094887362,0.468995593589281,0,0.811278124459133,0.863120568566631,19,16,3,Male,30,70,0,80,20,0,90,10,0,7,1,1,3,7,1,3,6,1,10,7,9,9,10,10,9,7,9,10,10,10,10,10,10,10,10,10,10,10,9,70,student
950,French,1,1,1,0.468995593589281,1,0,0.591672778582327,1.36096404744368,19,19,0,Female,24,75,1,10,90,0,50,50,0,1,7,1,2,7,1,5,6,2,10,10,10,10,10,10,10,10,10,10,7,7,6,6,7,6,7,6,6,6,10,75,student
951,French,1,1,1,0.881290899230693,1,0,0.811278124459133,1,19,19,0,Female,50,50,0,30,70,0,50,50,0,1,7,1,3,7,1,7,7,1,10,10,10,10,10,10,10,10,10,10,9,10,10,9,10,9,9,9,10,10,10,50,NA
952,French,3,3,3,0.468995593589281,0.6098403047164,0.591672778582327,0.591672778582327,0.985228136034251,19,16,3,Male,60,40,0,90,10,0,85,15,0,7,2,1,7,2,1,5,4,1,7,10,9,7,9,6,6,7,7,7,10,10,10,10,10,10,10,10,10,10,7.5,40,student
954,French,1.5,1,2,0.468995593589281,1.5,1.49491884823395,0.970950594454669,1.43537139077453,24,21,3,Female,20,50,30,10,90,0,25,50,25,3,5,6,5,7,1,4,7,3,10,10,10,10,10,10,10,10,7,10,9,10,9,9,10,10,10,9,9,9,9.7,50,student
955,French,6,5,7,0.970950594454669,1.57095059445467,1.52192809488736,1,1.58496250072116,24,14,10,Female,60,10,30,40,60,0,40,30,30,7,4,7,7,7,1,7,7,7,9,9,9,7,10,6,9,9,10,9,10,10,10,9,10,10,10,10,10,10,8.7,10,student
957,French,5.5,7,4,1,0.970950594454669,0,0.918295834054489,0.918295834054489,22,12,10,Female,80,20,0,50,50,0,60,40,0,7,1,1,7,4,1,7,4,1,6,9,NA,6,6,6,4,4,4,4,10,10,10,7,10,10,10,10,10,10,5.444444444444445,20,work
958,French,2,2,2,1.36899559358928,1.23449779679464,0.994030211476957,0.970950594454669,1.31432048670618,18,8,10,Female,40,55,5,45,45,10,45,50,5,7,6,1,5,7,1,7,7,2,10,10,10,10,10,9,10,9,10,10,10,10,10,10,10,10,9,9,9,10,9.8,55,student
959,French,3,3,3,0.468995593589281,0,0,0,1,22,13,9,Female,65,35,0,90,10,0,100,0,0,7,1,1,1,7,1,7,7,1,7,7,7,7,7,7,7,6,6,7,10,10,10,10,10,10,10,10,10,10,6.8,35,student
960,French,1,1,1,0,0.921928094887362,1.45914791702724,0.591672778582327,1.29546184423832,19,14,5,Female,20,70,10,0,100,0,10,80,10,7,5,3,2,7,1,4,7,2,10,10,10,10,10,10,10,10,10,10,9,7,6,7,9,7,7,7,6,7,10,70,student
961,French,1,1,1,0.970950594454669,1,0.591672778582327,0.591672778582327,1.54858060652285,18,13,5,Female,50,50,0,40,60,0,50,50,0,7,2,1,2,7,1,6,6,4,9,10,9,7,7,7,9,9,9,10,10,10,10,9,10,10,10,10,9,10,8.6,50,student
962,French,1,1,1,1,1.36899559358928,0.994030211476957,0.811278124459133,1,21,20.5,0.5,Female,30,65,5,50,50,0,45,45,10,7,6,1,3,7,1,7,7,1,10,10,10,10,10,10,10,10,10,10,10,10,10,9,10,10,10,10,10,10,10,65,student
963,French,1,1,1,0,0.468995593589281,0.591672778582327,0,0.591672778582327,22,16.5,5.5,Female,5,95,0,0,100,0,10,90,0,2,7,1,1,7,1,2,7,1,9,9,7,9,9,9,9,7,7,9,10,10,7,10,10,10,9,7,7,9,8.4,95,work
964,French,1,1,1,1,0.881290899230693,0.591672778582327,0.591672778582327,0.918295834054489,20,18,2,Female,30,70,0,50,50,0,30,70,0,7,2,1,2,7,1,4,7,1,10,10,9,10,10,10,10,7,9,10,10,10,10,10,10,10,10,9,9,10,9.5,70,student
966,French,3.5,3,4,0.468995593589281,0.468995593589281,0,0.811278124459133,0.985228136034251,20,10,10,Female,80,15,5,90,10,0,90,10,0,7,1,1,3,7,1,5,4,1,7,9,4,7,9,7,7,7,9,9,10,10,7,10,10,10,10,10,10,10,7.5,15,student
967,French,4,3,5,0.934068055375491,0.194391857831576,0.970950594454669,0.811278124459133,0.970950594454669,20,16,4,Female,75,25,0,35,65,0,97,3,0,7,5,1,3,7,1,7,5,1,7,9,6,7,7,6,6,6,7,7,10,10,9,10,10,10,10,9,9,10,6.8,25,student
968,French,5,5,5,0.811278124459133,0.970950594454669,0.811278124459133,0.994030211476957,0.970950594454669,22,13,9,Female,60,40,0,75,25,0,60,40,0,7,3,1,7,6,1,7,5,1,9,10,9,7,10,7,9,7,9,9,10,10,10,10,10,10,10,10,10,10,8.6,40,student
970,French,2,2,2,0.811278124459133,0.970950594454669,0.591672778582327,0,0.970950594454669,27,15,12,Male,75,25,0,25,75,0,60,40,0,7,2,1,1,7,1,7,5,1,7,6,6,6,7,9,7,7,7,7,10,10,10,10,10,10,10,10,9,10,6.9,25,work/student
971,French,1,1,1,1,1.36899559358928,1.32217934551667,0,1.31432048670618,19,13,6,Male,35,55,10,50,50,0,45,45,10,5,7,2,1,7,1,7,7,2,10,10,10,7,10,10,10,10,10,10,10,10,9,10,10,10,10,9,9,10,9.7,55,student
972,French,5,5,5,0.721928094887362,0.721928094887362,0.591672778582327,1,1,22,9,13,Female,75,25,0,80,20,0,80,20,0,7,2,1,5,5,1,5,5,1,6,7,7,7,7,6,6,7,7,7,10,10,10,10,10,10,10,10,9,10,6.7,25,student
973,French,1,1,1,0.970950594454669,0.286396957115956,0.591672778582327,0.591672778582327,0.918295834054489,20,10,10,Male,10,90,0,60,40,0,5,95,0,7,2,1,2,7,1,4,7,1,10,9,9,7,9,10,10,9,9,9,10,10,10,9,10,10,10,9,10,10,9.1,90,student
974,French,1,1,1,1,0.970950594454669,0.591672778582327,0.811278124459133,1,20,13,7,Female,40,60,0,50,50,0,40,60,0,7,2,1,3,7,1,7,7,1,10,10,10,7,10,10,7,6,10,9,7,10,10,6,10,6,6,7,7,7,8.9,60,student
975,English,3.5,3,4,0,0,0.591672778582327,0.918295834054489,1.14883485428092,19,13,6,Female,75,20,5,100,0,0,100,0,0,7,1,2,5,3,1,6,2,2,7,7,7,7,7,7,7,7,7,7,10,10,10,10,10,10,10,10,NA,10,7,20,student
976,English,3,3,3,0,0.0807931358959113,0.811278124459133,0.985228136034251,0.591672778582327,20,15,5,Female,85,14,1,100,0,0,99,1,0,7,3,1,5,4,1,7,2,1,9,9,6,7,7,9,7,7,9,7,10,10,10,10,10,10,10,10,10,10,7.7,14,student
977,English,4,4,4,0,0.721928094887362,1.31432048670618,0,0.970950594454669,21,19.5,1.5,Female,60,35,5,100,0,0,80,20,0,7,7,2,7,1,1,7,5,1,9,7,1,7,10,7,7,7,4,9,10,10,10,10,10,10,10,10,10,10,6.8,35,work
978,English,4.5,4,5,0,0.811278124459133,0,1,0.918295834054489,20,15,5,Male,75,25,0,100,0,0,75,25,0,7,1,1,7,7,1,7,4,1,7,10,7,7,7,6,6,4,7,7,10,10,10,10,10,10,10,10,10,10,6.8,25,work
979,English,6.5,6,7,0,0,0,0.591672778582327,0.591672778582327,23,18.5,4.5,Female,90,10,0,100,0,0,100,0,0,7,1,1,7,2,1,7,2,1,4,6,3,4,7,4,4,3,3,4,10,10,10,10,10,10,10,10,10,10,4.2,10,work
980,English,6,5,7,0.194391857831576,0.141440542541821,0,0,0.591672778582327,22,13,9,Female,92,8,0,97,3,0,98,2,0,7,1,1,7,1,1,7,2,1,4,7,6,6,6,6,4,4,6,6,10,10,10,10,10,10,10,10,10,10,5.5,8,student
981,English,4,4,4,0,0.991760148180973,0.970950594454669,1.36096404744368,1.22439444540599,19,14,5,Female,75,10,15,100,0,0,75,5,20,7,1,5,6,5,2,7,2,3,4,4,3,3,6,4,3,3,4,4,10,10,10,4,10,10,10,9,9,10,3.8,10,work
982,English,4,3,5,0,0,1.32501121082418,0.918295834054489,1.5,21,16,5,Female,65,10,25,100,0,0,100,0,0,7,2,6,7,4,1,7,4,4,4,6,6,6,6,7,3,3,4,4,10,10,10,10,10,10,10,9,10,10,4.9,10,student
984,English,3.5,3,4,0,0,0,0,0.591672778582327,20,14,6,Male,95,4,1,100,0,0,100,0,0,7,1,1,7,1,1,7,2,1,4,7,7,7,7,7,4,4,7,6,10,10,10,10,10,10,10,10,10,10,6,4,student
986,English,2,2,2,1,0.881290899230693,0.918295834054489,0.591672778582327,0.811278124459133,23,23,0,Female,80,20,0,50,50,0,70,30,0,4,7,1,7,2,1,7,3,1,10,10,10,7,10,10,10,9,10,9,10,10,10,10,10,10,10,9,10,10,9.5,20,student
987,English,6.5,7,6,0.884183719779189,1.18837637173451,0,1,1.32217934551667,27,22,5,Male,60,35,5,80,15,5,60,35,5,7,1,1,6,6,1,7,5,2,7,7,6,4,7,4,7,7,4,6,10,10,10,10,10,10,10,10,10,10,5.9,35,work
988,English,6,5,7,0.921928094887362,1.52192809488736,0.970950594454669,1.56127812445913,1.31432048670618,22,22,0,Female,40,20,40,80,10,10,40,40,20,7,5,1,7,5,7,7,7,2,9,7,10,7,7,6,6,6,9,9,10,10,10,9,10,9,10,10,10,10,7.6,20,student
989,English,7,7,7,0.286396957115956,0.141440542541821,0,0.650022421648354,0.591672778582327,20,15,5,Female,85,15,0,95,5,0,98,2,0,7,1,1,6,2,1,7,2,1,4,7,6,3,9,3,4,4,6,6,10,10,10,10,10,10,10,10,10,10,5.2,15,student
990,English,4.5,4,5,0.468995593589281,0.721928094887362,0.591672778582327,0.650022421648354,0.863120568566631,26,22,4,Female,80,20,0,90,10,0,80,20,0,7,2,1,6,2,1,6,3,1,6,6,4,4,6,4,6,4,4,4,10,10,10,10,10,10,10,10,10,10,4.8,20,student
995,English,2,2,2,0.468995593589281,0.468995593589281,0.954434002924965,0.591672778582327,0.985228136034251,22,16,6,Female,65,35,0,10,90,0,10,90,0,6,4,1,7,2,1,5,4,1,7,9,7,9,9,6,6,6,7,7,10,10,9,9,10,10,10,7,9,9,7.3,35,student
996,English,5,5,5,0.286396957115956,0.286396957115956,0.591672778582327,0.811278124459133,0.918295834054489,23,17,6,Female,70,30,0,95,5,0,95,5,0,7,2,1,7,3,1,7,4,1,7,9,4,6,7,4,7,6,4,6,10,10,10,NA,10,10,10,10,10,10,6,30,work
998,English,2,2,2,0,0.286396957115956,0,0.591672778582327,0.811278124459133,21,17,4,Female,75,25,0,100,0,0,95,5,0,7,1,1,2,7,1,7,3,1,9,9,9,9,9,9,7,7,7,9,10,10,10,10,10,10,10,10,10,10,8.4,25,student
999,English,6,6,6,0.468995593589281,0.286396957115956,0,0.918295834054489,0.811278124459133,22,16,6,Female,70,30,0,90,10,0,95,5,0,7,1,1,7,4,1,7,3,1,3,6,4,4,4,4,3,3,3,3,10,10,10,10,10,10,10,10,10,10,3.7,30,student
1000,French,4,3,5,0,0.881290899230693,0.970950594454669,0.991076059838222,1,21,14,7,Female,40,60,0,0,100,0,70,30,0,7,5,1,6,5,1,6,6,1,10,10,9,10,10,9,10,9,10,10,10,10,10,10,10,10,10,10,10,10,9.7,60,student
1001,French,1.5,2,1,1,0.970950594454669,0,0.918295834054489,1,20,13,7,Female,40,60,0,50,50,0,60,40,0,7,1,1,7,4,1,7,7,1,9,10,9,9,10,9,9,9,10,9,10,10,10,10,10,10,10,10,10,10,9.3,60,student
1002,French,7,7,7,0.970950594454669,0,0.591672778582327,0.811278124459133,0.918295834054489,20,5,15,Female,60,40,0,60,40,0,100,0,0,7,2,1,3,7,1,5,3,1,4,6,4,6,7,4,4,4,4,6,10,10,10,10,10,10,10,10,10,10,4.9,40,work
1003,French,1,1,1,0,0.721928094887362,0.954434002924965,0,0.591672778582327,27,25,2,Female,10,90,0,0,100,0,20,80,0,6,4,1,1,7,1,2,7,1,9,10,10,10,10,9,10,9,9,10,9,9,7,9,10,10,9,9,9,9,9.6,90,student
1004,French,2,2,2,1.52192809488736,1.14115352787931,0.918295834054489,0.650022421648354,1,20,15,5,Male,50,40,10,40,40,20,65,30,5,5,3,1,2,6,1,4,4,1,7,9,6,9,10,4,6,6,4,7,10,10,10,10,10,10,10,10,10,10,6.8,40,student
1006,French,2,2,2,1.36096404744368,1.15677964944704,1.52623490994952,1.32501121082418,1,20,14,6,Female,30,50,20,40,50,10,70,20,10,7,5,4,6,7,2,6,6,1,7,9,9,9,10,9,9,9,9,9,10,10,9,9,10,10,10,10,9,9,8.9,50,student
1007,French,2,2,2,1,1,0,0.863120568566631,0.991076059838222,21,16,5,Female,40,60,0,50,50,0,50,50,0,7,1,1,6,3,1,6,5,1,10,10,7,9,10,7,9,9,6,9,10,10,10,10,10,10,10,10,10,10,8.6,60,student
1008,French,6,6,6,0.721928094887362,0.881290899230693,0.591672778582327,0.591672778582327,0.591672778582327,21,11,10,Female,30,70,0,80,20,0,70,30,0,7,2,1,2,7,1,7,2,1,9,9,10,7,10,6,7,9,10,9,10,10,10,10,10,10,10,10,10,10,8.6,70,student
1010,French,2.5,2,3,0.970950594454669,0.970950594454669,0.918295834054489,0.863120568566631,1,20,15,5,Female,50,50,0,60,40,0,60,40,0,5,3,1,3,6,1,4,4,1,9,10,9,9,9,9,9,9,9,9,10,10,10,10,10,10,10,10,10,10,9.1,50,student
1011,French,2.5,3,2,0,0.721928094887362,0.591672778582327,1,1,22,12,10,Female,75,25,0,100,0,0,80,20,0,7,2,1,6,6,1,6,6,1,9,9,9,7,10,7,9,9,9,9,10,10,10,10,10,10,10,10,10,10,8.7,25,student
1013,French,6.5,7,6,0.721928094887362,0.286396957115956,0,0.591672778582327,1,20,7,13,Female,60,40,0,80,20,0,95,5,0,7,1,1,2,7,1,7,7,1,7,10,7,9,10,3,7,7,9,9,10,10,9,9,10,10,10,9,10,10,7.8,40,student
1014,French,1,1,1,1,0.468995593589281,1.32217934551667,0.811278124459133,1.34858789601242,23,18,5,Female,60,40,0,50,50,0,90,10,0,7,5,2,7,3,1,6,6,2,10,10,10,10,10,10,10,10,10,10,10,9,9,9,9,10,10,9,9,9,10,40,student
1015,French,1,1,1,1.29546184423832,1.58481870497303,1.44881563572518,1.44881563572518,1.31432048670618,19,19,0,Female,50,45,5,10,60,30,33,34,33,7,7,3,7,7,3,7,7,2,10,10,10,10,10,10,10,10,10,10,10,10,9,10,10,10,10,10,9,10,10,45,student
1016,French,6.5,6,7,0.934068055375491,0.934068055375491,0.863120568566631,0,0.811278124459133,20,12,8,Male,80,20,0,65,35,0,65,35,0,3,6,1,7,1,1,7,3,1,6,7,6,6,7,4,6,4,7,6,10,10,10,10,10,10,10,10,10,10,5.9,20,student
1017,French,6.5,6,7,0.721928094887362,0.992774453987808,0.918295834054489,0.811278124459133,0.970950594454669,31,22,9,Male,45,55,0,80,20,0,45,55,0,4,7,1,7,3,1,5,7,1,4,6,4,4,7,4,4,4,4,4,10,10,7,7,10,9,10,10,10,9,4.5,55,work
1018,French,3,3,3,0.970950594454669,0.970950594454669,0,0.954434002924965,0.954434002924965,19,12,7,Male,40,60,0,40,60,0,40,60,0,7,1,1,4,6,1,4,6,1,6,7,7,7,7,6,6,6,7,7,10,10,10,10,10,10,10,10,10,10,6.6,60,student
1019,French,1,1,1,0.970950594454669,0.970950594454669,1,0.811278124459133,0.994030211476957,32,32,0,Female,60,40,0,40,60,0,40,60,0,7,7,1,7,3,1,6,7,1,10,10,10,10,10,10,10,10,10,10,10,10,10,10,10,10,10,10,10,10,10,40,work
1020,French,5.5,5,6,0.970950594454669,0.970950594454669,0,0.811278124459133,0.918295834054489,23,16,7,Female,50,50,0,60,40,0,60,40,0,7,1,1,7,3,1,7,4,1,7,7,9,7,6,6,6,4,4,7,10,10,10,9,10,10,10,9,10,10,6.3,50,student
1021,French,2,2,2,0.721928094887362,1,1,0.591672778582327,0.994030211476957,21,12,9,Female,45,55,0,20,80,0,50,50,0,7,7,1,7,2,1,6,7,1,10,10,10,9,9,10,9,9,10,10,10,9,7,9,10,10,9,9,6,9,9.6,55,student
1022,French,3,3,3,0.6098403047164,0,1.22439444540599,0.650022421648354,0.811278124459133,23,15,8,Female,75,25,0,85,15,0,100,0,0,7,2,3,6,2,1,7,3,1,6,7,7,6,7,6,6,7,6,7,10,10,10,9,10,10,10,10,10,10,6.5,25,student
1023,French,2.5,2,3,0,1,0.811278124459133,1,1,34,26,8,Male,30,70,0,100,0,0,50,50,0,3,7,1,7,7,1,5,5,1,10,10,10,10,10,10,10,10,10,10,10,10,10,10,10,10,10,10,10,10,10,70,work
1120,French,1.5,2,1,1,1,1,0.811278124459133,0.811278124459133,19,14,5,Female,30,70,0,50,50,0,50,50,0,7,7,1,7,3,1,3,7,1,9,7,10,10,10,9,9,7,10,9,10,10,10,10,10,10,10,9,10,10,9,70,student
1121,French,4.5,3,6,0.161440542541821,1.36899559358928,1.22439444540599,0.994030211476957,1.46048468131311,22,10,12,Male,60,39,1,98,1,1,45,45,10,7,3,2,6,7,1,7,6,3,7,9,10,7,7,7,7,6,10,9,10,10,10,10,10,10,10,10,10,10,7.9,39,work
1122,French,1,1,1,0.970950594454669,0.721928094887362,1.56127812445913,0.994030211476957,0.970950594454669,25,23,2,Female,55,35,10,40,60,0,20,80,0,7,7,5,6,7,1,5,7,1,10,10,10,10,10,10,10,10,10,10,10,10,10,10,10,10,10,10,10,10,10,35,student
1123,French,4,4,4,0.970950594454669,0.721928094887362,0,0.863120568566631,1,20,7,13,Female,60,40,0,60,40,0,20,80,0,7,1,1,3,6,1,5,5,1,9,6,6,7,9,6,9,7,7,7,10,10,10,10,10,10,10,10,10,10,7.3,40,work/student
1124,French,5,5,5,0.468995593589281,0,0.591672778582327,0,0.811278124459133,26,17,9,Male,90,10,0,90,10,0,100,0,0,7,2,1,7,1,1,7,3,1,4,4,3,4,4,3,4,4,1,4,10,10,10,10,10,10,10,10,10,10,3.5,10,work
1125,French,4,3,5,0.970950594454669,0.721928094887362,0,0.650022421648354,1,20,7,13,Female,50,50,0,60,40,0,80,20,0,7,1,1,6,2,1,4,4,1,6,9,9,9,9,6,7,9,9,7,10,10,10,10,10,10,10,10,10,10,8,50,NA
1126,French,4,4,4,0.881290899230693,1,0.970950594454669,1,1,19,14,5,Female,50,50,0,70,30,0,50,50,0,7,5,1,7,7,1,7,7,1,10,10,9,9,10,9,9,9,9,9,10,10,10,10,10,10,10,10,10,10,9.3,50,student
1129,French,4.5,4,5,0.881290899230693,0.468995593589281,0,0.954434002924965,0.954434002924965,22,12,10,Female,60,40,0,70,30,0,90,10,0,7,1,1,6,4,1,6,4,1,7,10,10,4,10,4,7,7,7,7,10,10,10,10,10,10,10,10,10,10,7.3,40,student
1130,French,2,2,2,0.970950594454669,0.970950594454669,0,0.591672778582327,0.918295834054489,28,23.5,4.5,Female,60,40,0,60,40,0,60,40,0,7,1,1,7,2,1,5,3,1,7,7,6,6,9,7,7,6,3,7,10,10,10,10,10,10,10,9,6,9,6.5,40,work
1133,French,2.5,2,3,0.881290899230693,0.468995593589281,0.591672778582327,0.650022421648354,1,20,12,8,Male,60,40,0,70,30,0,90,10,0,7,2,1,6,2,1,4,4,1,9,10,9,10,10,9,10,7,9,9,10,10,10,10,10,10,10,10,10,10,9.2,40,student
1134,French,4.5,4,5,0.934068055375491,1,0,0.918295834054489,1,24,15,9,Male,40,60,0,65,35,0,50,50,0,7,1,1,4,7,1,7,7,1,9,10,9,10,10,7,9,9,10,9,10,10,10,10,10,10,10,10,10,10,9.2,60,student
1136,French,5.5,5,6,0.881290899230693,0.721928094887362,0.591672778582327,0.591672778582327,0.650022421648354,27,16,11,Female,40,60,0,70,30,0,80,20,0,7,2,1,2,7,1,6,2,1,7,9,10,9,9,7,9,9,10,9,10,10,10,10,10,10,10,10,10,10,8.8,60,student
1138,French,1,1,1,1,1,0.811278124459133,1,1,20,20,0,Female,40,60,0,50,50,0,50,50,0,7,3,1,7,7,1,7,7,1,10,10,10,10,10,10,10,10,10,10,10,10,10,10,10,10,10,10,10,10,10,60,student
1139,French,2.5,2,3,0.970950594454669,0.721928094887362,0.650022421648354,0,1,22,13,9,Male,70,30,0,60,40,0,80,20,0,6,2,1,1,7,1,4,4,1,9,7,7,7,9,7,7,7,9,7,10,10,10,10,10,10,10,10,10,10,7.6,30,none
1140,French,3,4,2,0.721928094887362,1,0.970950594454669,1,0.970950594454669,22,15,7,Female,70,30,0,80,20,0,50,50,0,7,5,1,7,7,1,7,5,1,7,7,6,6,9,6,6,6,6,6,10,10,10,10,10,10,10,10,10,10,6.5,30,work
1141,French,2,2,2,1,0.881290899230693,0,1,1,20,15,5,Female,50,50,0,50,50,0,70,30,0,7,1,1,4,4,1,4,4,1,10,10,10,10,10,9,10,9,10,10,10,10,10,10,10,10,10,10,10,10,9.8,50,work/student
1142,French,1.5,2,1,1,1,0.970950594454669,0.970950594454669,1,21,21,0,Female,70,30,0,50,50,0,50,50,0,5,7,1,7,5,1,7,7,1,10,10,10,7,10,10,10,9,10,10,10,10,10,7,10,10,10,7,9,10,9.6,30,work
1143,French,3,3,3,0.970950594454669,0.721928094887362,0.591672778582327,0.970950594454669,0.970950594454669,25,20,5,Male,70,30,0,40,60,0,80,20,0,7,2,1,5,7,1,7,5,1,9,9,9,9,9,9,9,9,9,9,10,10,10,10,10,10,10,10,10,10,9,30,student
1144,French,3,3,3,1,0.6098403047164,0.591672778582327,0.991076059838222,1.32217934551667,20,15,5,Female,60,35,5,50,50,0,85,15,0,7,2,1,5,6,1,7,5,2,7,7,6,7,7,6,6,6,7,6,10,10,10,10,10,10,10,10,10,10,6.5,35,student
1145,French,2,2,2,0.811278124459133,0.286396957115956,0,0.591672778582327,0.650022421648354,26,23,3,Female,70,30,0,75,25,0,95,5,0,7,1,1,2,7,1,6,2,1,7,9,9,9,10,7,7,6,6,7,10,10,6,10,10,10,9,9,6,10,7.7,30,work
1146,French,2.5,3,2,0.468995593589281,0.468995593589281,0,0.591672778582327,1,30,22,8,Female,50,50,0,10,90,0,10,90,0,7,1,1,2,7,1,4,4,1,7,6,6,6,7,7,6,6,6,7,10,10,10,10,10,10,10,10,10,10,6.4,50,student
1174,French,6.5,6,7,0.970950594454669,0.721928094887362,0.970950594454669,0.591672778582327,1,19,8,11,Male,35,60,5,40,60,0,80,20,0,5,7,1,2,7,1,7,7,1,7,10,9,7,9,4,7,9,9,9,10,10,10,7,10,10,10,10,10,10,8,60,student
1175,French,4.5,4,5,0.721928094887362,1.07072027127091,0.918295834054489,1.29546184423832,1,20,15,5,Male,60,30,10,20,80,0,50,49,1,7,4,1,4,7,2,7,7,1,7,10,7,7,10,7,7,6,7,9,10,10,10,10,10,10,10,10,10,10,7.7,30,student
1176,French,5.5,5,6,0.286396957115956,0,0.591672778582327,1,0.811278124459133,22,14,8,Female,90,7,3,95,5,0,100,0,0,7,2,1,6,6,1,7,3,1,6,7,7,4,9,6,4,6,7,7,10,10,10,10,10,10,10,10,10,10,6.3,7,student
1179,French,3,3,3,0.721928094887362,0.881290899230693,0.970950594454669,0.991076059838222,1,21,15,6,Female,30,70,0,20,80,0,30,70,0,7,5,1,5,6,1,6,6,1,9,10,9,9,10,9,9,9,10,9,10,10,10,10,10,10,9,9,10,9,9.3,70,student
1182,French,4.5,4,5,0.721928094887362,0.468995593589281,0,0.591672778582327,0.863120568566631,22,14,8,Male,60,40,0,80,20,0,90,10,0,7,1,1,7,2,1,6,3,1,6,7,6,6,7,4,4,4,4,6,10,9,10,9,10,10,10,10,10,10,5.4,40,student
1184,French,2,2,2,0.970950594454669,0.721928094887362,0.918295834054489,0.994030211476957,0.994030211476957,22,17,5,Female,50,50,0,40,60,0,80,20,0,7,4,1,7,6,1,7,6,1,10,10,10,9,9,9,7,7,9,9,10,10,10,10,10,10,10,10,10,10,8.9,50,student
1185,French,3,3,3,0.286396957115956,0.0807931358959113,0.811278124459133,0.591672778582327,0.994030211476957,20,15,5,Female,65,35,0,95,5,0,99,1,0,7,3,1,7,2,1,7,6,1,6,7,6,6,6,4,7,6,4,6,10,10,10,9,10,10,10,10,10,10,5.8,35,student
1186,French,5,5,5,0.721928094887362,1,0.811278124459133,0.991076059838222,0.970950594454669,20,8,12,Female,50,50,0,80,20,0,50,50,0,7,3,1,6,5,1,7,5,1,7,7,6,6,7,6,7,6,6,7,10,10,10,10,10,10,10,10,10,10,6.5,50,student
1188,French,5.5,5,6,0.721928094887362,1,0.591672778582327,0,0.811278124459133,20,9,11,Female,30,70,0,80,20,0,50,50,0,2,7,1,1,7,1,3,7,1,7,7,7,6,7,6,7,7,7,7,10,10,10,9,10,10,10,10,10,10,6.8,70,none
1189,French,4.5,3,6,0.286396957115956,1.29546184423832,0.591672778582327,0.811278124459133,1.22439444540599,27,15,12,Male,90,10,0,95,5,0,60,30,10,7,2,1,7,3,1,7,3,2,7,7,7,6,7,7,7,7,7,7,10,10,10,10,10,10,10,10,10,10,6.9,10,work
1190,French,2.5,3,2,1,0.970950594454669,0.811278124459133,1,1,27,18,9,Female,50,50,0,50,50,0,40,60,0,7,3,1,7,7,1,7,7,1,7,7,7,6,7,6,7,7,7,7,10,10,10,9,10,10,10,10,10,10,6.8,50,work
1191,French,3.5,4,3,0,0,0,1,1,22,13,9,Female,50,50,0,100,0,0,100,0,0,7,1,1,4,4,1,4,4,1,7,7,7,9,6,6,6,6,6,6,10,10,10,10,10,10,10,10,10,10,6.6,50,student
1192,French,3.5,4,3,0,0,0,0.650022421648354,1,21,13,8,Female,80,20,0,100,0,0,100,0,0,7,1,1,2,6,1,4,4,1,7,9,7,10,9,7,6,9,9,7,10,10,10,10,10,10,10,10,10,10,8,20,none
1194,French,1.5,2,1,0.721928094887362,0.811278124459133,0.994030211476957,0.591672778582327,0.970950594454669,22,17,5,Female,55,45,0,20,80,0,75,25,0,7,6,1,7,2,1,7,5,1,7,10,10,10,10,7,7,7,10,7,10,10,10,10,10,10,10,10,10,10,8.5,45,student
1195,French,4,6,2,1.18837637173451,1.36096404744368,0.591672778582327,1.35164411515339,1.39214722366453,19,12,7,Male,45,40,15,60,35,5,50,40,10,7,2,1,4,6,2,5,5,2,9,7,7,6,7,7,7,6,7,7,10,9,10,7,10,10,10,9,10,10,7,40,student
1197,French,4.5,4,5,0.721928094887362,1.52192809488736,0.918295834054489,1.39214722366453,1.49491884823395,22,14,8,Female,50,40,10,80,20,0,40,40,20,7,4,1,5,5,2,6,5,3,4,4,6,6,7,4,4,4,6,6,9,10,10,9,10,10,10,9,9,10,5.1,40,student
1198,French,1.5,2,1,0.286396957115956,0.286396957115956,0.918295834054489,0.994030211476957,0.918295834054489,29,21,8,Female,90,5,5,95,5,0,95,0,5,7,1,4,7,6,1,7,4,1,7,7,7,7,7,7,7,7,7,7,10,10,10,10,10,10,10,10,10,10,7,5,work
1199,French,4.5,4,5,0.92481870497303,1,0.591672778582327,0.591672778582327,0.591672778582327,20,11,9,Male,25,75,0,34,66,0,50,50,0,2,7,1,2,7,1,2,7,1,7,9,9,7,9,7,7,7,7,7,10,10,10,10,10,10,10,10,10,10,7.6,75,none
1200,French,1,1,1,1,0.992774453987808,0,0.591672778582327,1,20,9,11,Male,49,50,1,50,50,0,55,45,0,7,1,1,2,7,1,6,6,1,10,9,9,9,9,10,10,7,9,10,10,10,10,10,10,10,10,10,10,10,9.2,50,student
1201,French,1.5,2,1,0.811278124459133,0.811278124459133,0.811278124459133,1,1,25,15,10,Male,50,50,0,75,25,0,75,25,0,7,3,1,7,7,1,7,7,1,10,10,9,9,10,9,9,9,9,9,10,10,10,10,10,10,10,10,10,10,9.3,50,student
1202,French,2,2,2,0.468995593589281,0.721928094887362,1,1,1,22,20,2,Female,40,60,0,90,10,0,80,20,0,6,6,1,6,6,1,6,6,1,10,10,7,9,10,10,9,7,7,10,10,10,10,10,10,10,10,10,10,10,8.9,60,student
1206,French,1,1,1,0.721928094887362,0.721928094887362,0,0.918295834054489,0.994030211476957,29,6,23,Female,70,30,0,80,20,0,80,20,0,7,1,1,7,4,1,7,6,1,7,6,7,4,7,3,7,6,6,7,10,10,10,10,10,10,10,10,10,10,6,30,work
1207,French,1.5,1,2,0.468995593589281,1,0,0.650022421648354,0.918295834054489,25,22,3,Female,50,50,0,90,10,0,50,50,0,7,1,1,6,2,1,7,4,1,7,7,4,4,7,10,9,7,4,7,10,10,10,10,10,10,10,10,9,10,6.6,50,work
1208,French,3,3,3,0.970950594454669,0.881290899230693,0.918295834054489,0.918295834054489,1.32217934551667,21,10,11,Male,60,40,0,60,40,0,70,30,0,7,4,1,4,7,1,7,5,2,6,9,6,9,10,6,6,6,7,7,10,10,10,10,10,10,10,10,10,10,7.2,40,none
1209,French,6.5,7,6,1,0.721928094887362,1,0.591672778582327,1.44881563572518,23,14,9,Male,70,20,10,50,50,0,20,0,80,7,7,1,7,2,1,7,7,3,7,9,7,9,9,4,7,7,7,7,10,10,10,10,10,10,10,10,10,10,7.3,20,student
1210,French,4,4,4,1.21924070463685,0.881290899230693,0.970950594454669,0.994030211476957,0.994030211476957,25,20,5,Female,50,50,0,55,40,5,70,30,0,7,5,1,7,6,1,7,6,1,10,10,9,9,10,9,9,9,7,9,10,10,10,10,10,10,10,10,10,10,9.1,50,student
1211,French,2,2,2,1.18837637173451,1.48547529722733,0.954434002924965,1.22439444540599,1.40563906222957,26,16,10,Male,30,60,10,60,35,5,50,30,20,6,1,4,3,7,2,5,4,2,9,9,7,9,10,9,9,6,6,9,10,10,10,9,10,10,10,10,10,10,8.3,60,student
1212,French,5,4,6,0,0,0,0.918295834054489,1,30,22,8,Female,50,50,0,100,0,0,100,0,0,7,1,1,3,5,1,5,5,1,7,10,7,7,10,6,6,7,7,7,10,10,10,10,10,10,10,10,10,10,7.4,50,work
1214,English,4,3,5,0,0,0,0.591672778582327,0.811278124459133,21,16,5,Female,90,10,0,100,0,0,100,0,0,7,1,1,7,2,1,7,3,1,7,4,3,6,4,7,4,4,3,4,10,10,10,10,10,10,10,10,10,10,4.6,10,student
1215,English,7,7,7,0.721928094887362,0.468995593589281,0,0,0.591672778582327,20,10,10,Female,85,15,0,80,20,0,90,10,0,7,1,1,7,1,1,7,2,1,7,9,7,7,7,4,6,6,6,7,10,10,10,10,10,10,10,10,10,10,6.6,15,student
1216,English,2.5,2,3,0,0.6098403047164,0.591672778582327,0.591672778582327,0.591672778582327,20,18,2,Female,95,5,0,100,0,0,85,15,0,7,2,1,7,2,1,7,2,1,7,9,9,7,10,9,7,7,9,7,10,10,10,7,10,9,10,7,9,10,8.1,5,work
1217,English,3,2,4,0.970950594454669,0.881290899230693,0.811278124459133,0.811278124459133,0.918295834054489,20,20,0,Female,65,30,5,60,40,0,70,30,0,7,3,1,3,7,1,7,4,1,9,10,9,9,10,9,9,9,10,9,10,10,10,9,10,10,10,10,10,10,9.3,30,student
1218,English,1.5,2,1,0.881290899230693,0.721928094887362,0,1,0.991076059838222,20,15,5,Female,80,20,0,70,30,0,80,20,0,7,1,1,4,4,1,6,5,1,9,10,10,9,10,9,10,9,9,9,10,10,10,10,10,10,10,10,10,10,9.4,20,student
1219,English,3,3,3,0.881290899230693,0.721928094887362,0.811278124459133,0.918295834054489,0.811278124459133,22,17,5,Female,60,30,10,70,30,0,80,20,0,7,1,3,4,7,1,7,3,1,9,9,4,7,7,7,7,4,4,7,10,10,10,10,10,10,10,10,10,10,6.5,30,student
1220,English,5.5,5,6,0,0.970950594454669,0.591672778582327,0.863120568566631,0.591672778582327,21,18,3,Female,85,15,0,100,0,0,60,40,0,7,2,1,3,6,1,7,2,1,7,7,9,9,9,6,4,6,7,7,10,10,10,10,10,10,10,10,10,10,7.1,15,student
1221,English,1,1,1,0.568995593589281,1.18129089923069,1.45914791702724,0.591672778582327,1.55665670746282,22,19,3,Female,70,15,15,90,5,5,70,15,15,7,5,3,7,2,1,7,5,5,9,9,9,9,10,10,10,9,10,9,10,10,9,10,10,10,10,10,10,10,9.4,15,student
1222,English,1,1,1,0.468995593589281,0.721928094887362,0.811278124459133,0.591672778582327,0.811278124459133,19,18.5,0.5,Male,60,40,0,90,10,0,80,20,0,7,3,1,7,2,1,7,3,1,10,10,9,6,10,10,10,10,10,10,10,10,10,6,10,10,10,10,10,10,9.5,40,student
1223,English,4.5,4,5,0,0.334944486838689,0,0.918295834054489,0.591672778582327,21,16,5,Male,80,10,10,100,0,0,95,3,2,7,1,1,5,3,1,7,2,1,7,7,7,7,7,6,7,6,6,7,10,10,10,10,10,10,10,10,10,10,6.7,10,student
1224,English,4,2,6,0.884183719779189,1.15677964944704,1.57943400292497,1.31432048670618,1,20,17,3,Female,90,5,5,80,5,15,70,10,20,7,6,6,7,7,2,7,7,1,10,9,4,10,10,10,9,6,9,9,10,10,10,10,10,10,10,10,10,10,8.6,5,work
1226,English,5,4,6,0.286396957115956,0.468995593589281,0,0,0.650022421648354,24,13,11,Female,90,10,0,95,5,0,90,10,0,7,1,1,7,1,1,6,2,1,7,9,7,7,7,6,7,9,7,7,10,10,10,9,10,10,10,10,10,10,7.3,10,work
1227,English,6,6,6,0,0,0,0.994030211476957,0,25,20,5,Male,90,10,0,100,0,0,100,0,0,7,1,1,7,6,1,7,1,1,7,7,4,4,9,4,7,6,4,7,10,10,10,10,10,10,10,9,10,10,5.9,10,work
1228,English,2.5,3,2,0.721928094887362,0.468995593589281,1.06127812445913,0.591672778582327,1.29546184423832,21,12,9,Female,80,15,5,80,20,0,90,10,0,7,2,2,7,2,1,7,4,2,6,6,4,4,7,7,6,7,7,6,10,10,10,10,10,10,10,10,10,10,6,15,student
1229,English,2,2,2,0.468995593589281,0.721928094887362,0.918295834054489,0.985228136034251,0.918295834054489,27,22,5,Female,80,19,1,90,10,0,80,20,0,7,4,1,5,4,1,7,4,1,9,9,6,7,7,7,7,4,3,7,10,10,10,9,10,10,10,10,6,9,6.6,19,student
1230,English,6,6,6,0.286396957115956,0.286396957115956,0,1,0.918295834054489,22,21,1,Male,85,15,0,95,5,0,95,5,0,7,1,1,6,6,1,7,4,1,7,10,6,7,9,7,9,6,4,9,10,10,9,10,10,10,10,10,9,10,7.4,15,student
1231,English,1.5,1,2,0.468995593589281,1.36096404744368,0,1.36096404744368,1.32217934551667,19,13,6,Female,85,10,5,90,10,0,50,40,10,7,1,1,6,5,2,7,5,2,10,9,10,10,10,10,10,10,9,10,10,10,10,10,10,10,10,10,10,10,9.8,10,student
1232,English,7,7,7,0,0,0,0,0.591672778582327,23,17,6,Female,90,10,0,100,0,0,100,0,0,7,1,1,7,1,1,7,2,1,3,3,3,3,4,3,NA,3,3,3,10,10,10,10,10,10,10,10,10,10,3.111111111111111,10,student
1233,English,3.5,3,4,0.721928094887362,1.36899559358928,0,0.970950594454669,0.811278124459133,25,20,5,Female,80,20,0,80,20,0,45,45,10,7,1,1,7,5,1,7,3,1,7,9,4,4,7,7,7,6,4,7,10,10,10,7,10,10,10,7,9,9,6.2,20,work
1235,English,3,2,4,1,0.811278124459133,0.591672778582327,0.985228136034251,0.591672778582327,22,18,4,Female,70,30,0,50,50,0,75,25,0,7,2,1,4,5,1,7,2,1,6,6,4,6,6,7,6,4,4,6,10,10,10,10,10,10,10,10,10,10,5.5,30,work
1236,English,2,2,2,1,0.970950594454669,0,0.985228136034251,1.22439444540599,22,17,5,Male,70,30,0,50,50,0,60,40,0,7,1,1,5,4,1,7,3,2,10,10,10,9,10,10,10,9,10,10,10,10,10,10,10,10,10,10,10,10,9.8,30,student
1237,English,3.5,5,2,0.468995593589281,1.53949107030013,1.31432048670618,1,1,26,23,3,Female,48,49,3,90,10,0,45,25,30,7,7,2,7,7,1,7,7,1,9,9,9,9,10,7,9,7,4,9,10,10,10,10,10,10,10,9,10,10,8.2,49,work
1238,English,2,2,2,0.881290899230693,0.881290899230693,0.591672778582327,0.591672778582327,0.811278124459133,22,10,12,Female,60,40,0,70,30,0,30,70,0,7,2,1,7,2,1,7,3,1,9,9,7,9,9,10,9,9,9,9,10,10,10,10,10,10,10,10,10,10,8.9,40,student
1239,English,5.5,6,5,0.721928094887362,0.468995593589281,0,0,0.650022421648354,20,15,5,Female,80,20,0,80,20,0,90,10,0,7,1,1,7,1,1,6,2,1,6,6,6,6,6,4,4,4,6,6,NA,NA,NA,NA,NA,NA,NA,NA,NA,NA,5.4,20,work
1240,English,2.5,3,2,0,0.811278124459133,0.954434002924965,0,0.954434002924965,20,20,0,Female,85,15,0,100,0,0,75,25,0,6,4,1,7,1,1,6,4,1,6,7,7,6,9,7,7,6,6,7,10,10,10,10,10,10,10,10,10,10,6.8,15,work
1241,English,1,1,1,0.992774453987808,1.29546184423832,0.970950594454669,0.863120568566631,0.918295834054489,22,21.5,0.5,Female,65,30,5,55,45,0,60,30,10,5,7,1,6,3,1,7,4,1,10,9,7,7,10,10,10,7,7,10,10,10,10,10,10,10,10,10,10,10,8.7,30,student
1243,English,4,3,5,1,1,1,1,1,26,21,5,Male,25,75,0,50,50,0,50,50,0,7,7,1,7,7,1,7,7,1,10,10,10,10,10,10,10,10,10,10,10,10,10,10,10,10,10,10,10,10,10,75,student
1244,English,2,2,2,0.721928094887362,0.721928094887362,0.591672778582327,0,0.811278124459133,21,12,9,Female,90,10,0,80,20,0,80,20,0,7,2,1,7,1,1,7,3,1,10,10,10,9,10,10,10,9,9,9,10,10,10,10,10,10,10,10,10,10,9.6,10,student
1245,English,4,4,4,0.322493361860324,1.0762976257252,0.591672778582327,0.918295834054489,0.970950594454669,23,19,4,Female,60,35,5,95,4,1,70,25,5,7,2,1,7,4,1,7,5,1,7,6,4,1,9,9,7,6,4,7,10,10,10,10,10,10,10,10,10,10,6,35,student
1246,English,4.5,4,5,0.286396957115956,0,0,0.918295834054489,0.970950594454669,22,6,16,Male,80,20,0,95,5,0,100,0,0,7,1,1,7,4,1,7,5,1,7,7,7,9,9,6,7,7,6,7,10,10,10,10,10,10,10,10,10,10,7.2,20,student
1247,English,3.5,3,4,0.721928094887362,0.721928094887362,0,1,1,21,3,18,Male,95,5,0,80,20,0,80,20,0,7,1,1,7,7,1,4,4,1,7,7,7,4,7,7,7,7,7,7,10,10,10,10,10,10,10,10,10,10,6.7,5,student
1248,English,6.5,7,6,0,0.194391857831576,0,0,0.591672778582327,23,18,5,Female,60,40,0,100,0,0,97,3,0,7,1,1,7,1,1,7,2,1,6,6,6,6,6,6,6,6,6,6,10,10,10,10,10,10,10,10,10,10,6,40,work
1250,English,5,5,5,0,0.286396957115956,0.591672778582327,0.591672778582327,0.650022421648354,19,14,5,Male,90,10,0,100,0,0,95,5,0,7,2,1,2,7,1,6,2,1,10,10,10,10,10,10,10,9,10,9,10,10,10,10,10,10,10,10,10,10,9.8,10,student
1251,English,6,5,7,0.286396957115956,0.286396957115956,0,0.918295834054489,0.591672778582327,22,10,12,Female,75,25,0,95,5,0,95,5,0,7,1,1,7,4,1,7,2,1,4,6,4,4,6,4,4,6,4,4,10,10,10,10,10,10,10,10,10,10,4.6,25,student
1253,English,4,5,3,0.468995593589281,0.881290899230693,0,0.863120568566631,0.650022421648354,20,15,5,Female,70,30,0,90,10,0,70,30,0,7,1,1,3,6,1,6,2,1,7,7,7,7,7,4,4,7,4,6,10,10,10,10,10,10,10,10,10,10,6,30,work
1254,English,1,1,1,0.811278124459133,0.970950594454669,0.591672778582327,0.918295834054489,1.29546184423832,30,23,7,Male,75,24,1,75,25,0,60,40,0,7,2,1,7,4,1,7,4,2,7,7,6,7,7,7,7,7,6,7,10,10,10,10,10,10,10,10,10,10,6.8,24,student
1255,English,1.5,2,1,0.468995593589281,0.141440542541821,0,0,0.863120568566631,25,19,6,Male,88,10,2,90,10,0,98,2,0,7,1,1,7,1,1,6,3,1,9,10,10,9,10,10,9,9,9,9,10,10,10,10,10,10,10,10,10,10,9.4,10,student
1256,English,4.5,4,5,0,0,0.591672778582327,0.811278124459133,0.811278124459133,23,20,3,Female,60,40,0,100,0,0,100,0,0,7,2,1,3,7,1,7,3,1,7,6,6,7,9,6,7,6,6,7,10,10,10,10,10,10,10,10,10,10,6.7,40,student
1258,English,3,2,4,0,0,0,0.994030211476957,0.918295834054489,24,19,5,Male,80,15,5,100,0,0,100,0,0,7,1,1,7,6,1,7,4,1,9,7,7,7,9,9,9,7,7,9,10,10,10,10,10,10,10,10,10,10,8,15,student
1259,English,2,2,2,0,1,0,0.811278124459133,0.811278124459133,24,21,3,Female,50,50,0,100,0,0,50,50,0,7,1,1,7,3,1,7,3,1,9,9,9,9,9,9,9,9,9,9,10,10,10,10,10,10,10,10,10,10,9,50,work
1261,English,6,6,6,1,1,1.31432048670618,1,1,26,13,13,Female,65,35,0,50,50,0,50,50,0,7,7,2,7,7,1,7,7,1,9,7,7,7,9,7,10,9,9,9,10,10,10,10,10,10,10,10,10,10,8.3,35,work
1263,English,3.5,3,4,0.811278124459133,0.721928094887362,0.591672778582327,0.918295834054489,0.591672778582327,21,16,5,Female,75,25,0,75,25,0,80,20,0,7,2,1,5,3,1,7,2,1,9,9,6,7,9,7,6,7,6,7,10,10,10,10,10,10,10,10,10,10,7.3,25,student
1264,English,4.5,5,4,0.515895152948209,0,0.591672778582327,1,1.32501121082418,22,16,6,Female,90,10,0,90,9,1,100,0,0,7,2,1,7,7,1,7,6,2,7,9,4,7,7,4,6,7,6,7,10,10,10,10,10,10,10,10,10,10,6.4,10,work
